source_absolute_path,source_relative_path,scope,category,classification,disposition,size_bytes,allocated_bytes,status,windows_package_relative_path,sha256,sha256_basis,duplicate_of,note
/home/shanjinshuo/fno_kerr/kerr_project/data/tasks/q_1p6-3_n2000_t1200/dataset.npz,data/tasks/q_1p6-3_n2000_t1200/dataset.npz,shared_dataset,dataset,MUST_UPLOAD,primary_package,55679506,55681024,ZIP_CRC_OK,01_datasets/q_1p6-3_n2000_t1200/dataset.npz,3e0358831e6b96c38f15c8e3178f6d37f38b4bddbe1ab01a63cfaba043f211ce,previously_recorded_not_rehashed,,
/home/shanjinshuo/fno_kerr/kerr_project/data/tasks/q_1p6-3_n2000_t1200/failed_samples.json,data/tasks/q_1p6-3_n2000_t1200/failed_samples.json,shared_dataset,dataset_metadata,MUST_UPLOAD,primary_package,2,4096,JSON_READABLE,01_datasets/q_1p6-3_n2000_t1200/failed_samples.json,4f53cda18c2baa0c0354bb5f9a3ecbe5ed12ab4d8e11ba873c2f11161202b945,computed_during_inventory,,
/home/shanjinshuo/fno_kerr/kerr_project/data/tasks/q_1p6-3_n2000_t1200/meta.json,data/tasks/q_1p6-3_n2000_t1200/meta.json,shared_dataset,dataset_metadata,MUST_UPLOAD,primary_package,2260,4096,JSON_READABLE,01_datasets/q_1p6-3_n2000_t1200/meta.json,459f8024f66db1abfe95d732b1cc9c90132c7bcc29d6425e25bbf32143fd6338,current_file_verified_against_record,,
/home/shanjinshuo/fno_kerr/kerr_project/data/tasks/q_1p6-3_n2000_t2399_plan_b_matched_v1/dataset.npz,data/tasks/q_1p6-3_n2000_t2399_plan_b_matched_v1/dataset.npz,shared_dataset,dataset,MUST_UPLOAD,primary_package,111180905,111185920,ZIP_CRC_OK,01_datasets/q_1p6-3_n2000_t2399_plan_b_matched_v1/dataset.npz,031135ec8f4839881f9ce968dc0c4a1b7b2a0184e0690eb97458f7d095c05a2d,previously_recorded_not_rehashed,,
/home/shanjinshuo/fno_kerr/kerr_project/data/tasks/q_1p6-3_n2000_t2399_plan_b_matched_v1/failed_samples.json,data/tasks/q_1p6-3_n2000_t2399_plan_b_matched_v1/failed_samples.json,shared_dataset,dataset_metadata,MUST_UPLOAD,primary_package,3,4096,JSON_READABLE,01_datasets/q_1p6-3_n2000_t2399_plan_b_matched_v1/failed_samples.json,37517e5f3dc66819f61f5a7bb8ace1921282415f10551d2defa5c3eb0985b570,computed_during_inventory,,
/home/shanjinshuo/fno_kerr/kerr_project/data/tasks/q_1p6-3_n2000_t2399_plan_b_matched_v1/meta.json,data/tasks/q_1p6-3_n2000_t2399_plan_b_matched_v1/meta.json,shared_dataset,dataset_metadata,MUST_UPLOAD,primary_package,3752,4096,JSON_READABLE,01_datasets/q_1p6-3_n2000_t2399_plan_b_matched_v1/meta.json,0a5fa726b954353c10e80324458d850dce7bbfaf5f27466b7052cdfd026e19c5,current_file_verified_against_record,,
/home/shanjinshuo/fno_kerr/kerr_project/data/tasks/q_1p6-3_n2000_t2399_plan_b_matched_v1/solver_diagnostics.json,data/tasks/q_1p6-3_n2000_t2399_plan_b_matched_v1/solver_diagnostics.json,shared_dataset,dataset_metadata,MUST_UPLOAD,primary_package,1208543,1212416,JSON_READABLE,01_datasets/q_1p6-3_n2000_t2399_plan_b_matched_v1/solver_diagnostics.json,e94cf569f0f0c95659656ae82d0e2b55f68e091c04bc1f563f5cbb27a7811bea,computed_during_inventory,,
/home/shanjinshuo/fno_kerr/kerr_project/data/tasks/q_1p6007-2p9993_n400_t1200/dataset.npz,data/tasks/q_1p6007-2p9993_n400_t1200/dataset.npz,shared_dataset,dataset,MUST_UPLOAD,primary_package,11139587,11141120,ZIP_CRC_OK,01_datasets/q_1p6007-2p9993_n400_t1200/dataset.npz,39c7b1ce9624123a5f2680d76abe8a7fa18e135ec166fa70262efb8d563c60db,previously_recorded_not_rehashed,,
/home/shanjinshuo/fno_kerr/kerr_project/data/tasks/q_1p6007-2p9993_n400_t1200/failed_samples.json,data/tasks/q_1p6007-2p9993_n400_t1200/failed_samples.json,shared_dataset,dataset_metadata,MUST_UPLOAD,primary_package,2,4096,JSON_READABLE,01_datasets/q_1p6007-2p9993_n400_t1200/failed_samples.json,4f53cda18c2baa0c0354bb5f9a3ecbe5ed12ab4d8e11ba873c2f11161202b945,computed_during_inventory,data/tasks/q_1p6-3_n2000_t1200/failed_samples.json,
/home/shanjinshuo/fno_kerr/kerr_project/data/tasks/q_1p6007-2p9993_n400_t1200/meta.json,data/tasks/q_1p6007-2p9993_n400_t1200/meta.json,shared_dataset,dataset_metadata,MUST_UPLOAD,primary_package,2278,4096,JSON_READABLE,01_datasets/q_1p6007-2p9993_n400_t1200/meta.json,fbe816012a245c4cadf132de8cae5f042f8f796677e89b91af33b1fb377702d8,current_file_verified_against_record,,
/home/shanjinshuo/fno_kerr/kerr_project/data/tasks/q_1p6007-2p9993_n400_t2399_plan_b_v1/dataset.npz,data/tasks/q_1p6007-2p9993_n400_t2399_plan_b_v1/dataset.npz,shared_dataset,dataset,MUST_UPLOAD,primary_package,22242340,22245376,ZIP_CRC_OK,01_datasets/q_1p6007-2p9993_n400_t2399_plan_b_v1/dataset.npz,57eaef573d4adc86c352b91f04c256cc1bd54cd38ebc042d70644e20aa750ce8,previously_recorded_not_rehashed,,
/home/shanjinshuo/fno_kerr/kerr_project/data/tasks/q_1p6007-2p9993_n400_t2399_plan_b_v1/failed_samples.json,data/tasks/q_1p6007-2p9993_n400_t2399_plan_b_v1/failed_samples.json,shared_dataset,dataset_metadata,MUST_UPLOAD,primary_package,3,4096,JSON_READABLE,01_datasets/q_1p6007-2p9993_n400_t2399_plan_b_v1/failed_samples.json,37517e5f3dc66819f61f5a7bb8ace1921282415f10551d2defa5c3eb0985b570,computed_during_inventory,data/tasks/q_1p6-3_n2000_t2399_plan_b_matched_v1/failed_samples.json,
/home/shanjinshuo/fno_kerr/kerr_project/data/tasks/q_1p6007-2p9993_n400_t2399_plan_b_v1/meta.json,data/tasks/q_1p6007-2p9993_n400_t2399_plan_b_v1/meta.json,shared_dataset,dataset_metadata,MUST_UPLOAD,primary_package,3780,4096,JSON_READABLE,01_datasets/q_1p6007-2p9993_n400_t2399_plan_b_v1/meta.json,7f25459170d197729fe5c9d7aa046cae0138ac64aca8b1d81d396c96d1f149fc,current_file_verified_against_record,,
/home/shanjinshuo/fno_kerr/kerr_project/data/tasks/q_1p6007-2p9993_n400_t2399_plan_b_v1/solver_diagnostics.json,data/tasks/q_1p6007-2p9993_n400_t2399_plan_b_v1/solver_diagnostics.json,shared_dataset,dataset_metadata,MUST_UPLOAD,primary_package,241333,241664,JSON_READABLE,01_datasets/q_1p6007-2p9993_n400_t2399_plan_b_v1/solver_diagnostics.json,7c3e23ecd5b9a5d2212a310647759196c4c79f560d82ebad17f36fe5cf925c17,computed_during_inventory,,
/home/shanjinshuo/fno_kerr/kerr_project/data/tasks/q_1p6007-2p9993_n400_t3598_plan_b_range_v1/dataset.npz,data/tasks/q_1p6007-2p9993_n400_t3598_plan_b_range_v1/dataset.npz,shared_dataset,dataset,MUST_UPLOAD,primary_package,33277700,33280000,ZIP_CRC_OK,01_datasets/q_1p6007-2p9993_n400_t3598_plan_b_range_v1/dataset.npz,edaec5a5ad1cb5c4bca24558cb9e014ea55e64c8b766a6f03ea88bf933ea8aa2,previously_recorded_not_rehashed,,
/home/shanjinshuo/fno_kerr/kerr_project/data/tasks/q_1p6007-2p9993_n400_t3598_plan_b_range_v1/failed_samples.json,data/tasks/q_1p6007-2p9993_n400_t3598_plan_b_range_v1/failed_samples.json,shared_dataset,dataset_metadata,MUST_UPLOAD,primary_package,3,4096,JSON_READABLE,01_datasets/q_1p6007-2p9993_n400_t3598_plan_b_range_v1/failed_samples.json,37517e5f3dc66819f61f5a7bb8ace1921282415f10551d2defa5c3eb0985b570,computed_during_inventory,data/tasks/q_1p6-3_n2000_t2399_plan_b_matched_v1/failed_samples.json,
/home/shanjinshuo/fno_kerr/kerr_project/data/tasks/q_1p6007-2p9993_n400_t3598_plan_b_range_v1/meta.json,data/tasks/q_1p6007-2p9993_n400_t3598_plan_b_range_v1/meta.json,shared_dataset,dataset_metadata,MUST_UPLOAD,primary_package,3751,4096,JSON_READABLE,01_datasets/q_1p6007-2p9993_n400_t3598_plan_b_range_v1/meta.json,f5a748a07e21ba16249de20e3f3997da1eca4ac8cbef2b60104a048a8a0c6be3,current_file_verified_against_record,,
/home/shanjinshuo/fno_kerr/kerr_project/data/tasks/q_1p6007-2p9993_n400_t3598_plan_b_range_v1/solver_diagnostics.json,data/tasks/q_1p6007-2p9993_n400_t3598_plan_b_range_v1/solver_diagnostics.json,shared_dataset,dataset_metadata,MUST_UPLOAD,primary_package,241310,241664,JSON_READABLE,01_datasets/q_1p6007-2p9993_n400_t3598_plan_b_range_v1/solver_diagnostics.json,9241cae8f28449b09f2602b6d089882a06e93f357e0f511571d436d1f70eb59b,computed_during_inventory,,
/home/shanjinshuo/fno_kerr/kerr_project/data/tasks/q_1p6007-2p9993_n400_t4797_plan_b_range_v1/dataset.npz,data/tasks/q_1p6007-2p9993_n400_t4797_plan_b_range_v1/dataset.npz,shared_dataset,dataset,MUST_UPLOAD,primary_package,44276491,44277760,ZIP_CRC_OK,01_datasets/q_1p6007-2p9993_n400_t4797_plan_b_range_v1/dataset.npz,357451cb03bc974778adcc03827550c0033b1eb8e0cb02e8ed3320428127e5a1,previously_recorded_not_rehashed,,
/home/shanjinshuo/fno_kerr/kerr_project/data/tasks/q_1p6007-2p9993_n400_t4797_plan_b_range_v1/failed_samples.json,data/tasks/q_1p6007-2p9993_n400_t4797_plan_b_range_v1/failed_samples.json,shared_dataset,dataset_metadata,MUST_UPLOAD,primary_package,3,4096,JSON_READABLE,01_datasets/q_1p6007-2p9993_n400_t4797_plan_b_range_v1/failed_samples.json,37517e5f3dc66819f61f5a7bb8ace1921282415f10551d2defa5c3eb0985b570,computed_during_inventory,data/tasks/q_1p6-3_n2000_t2399_plan_b_matched_v1/failed_samples.json,
/home/shanjinshuo/fno_kerr/kerr_project/data/tasks/q_1p6007-2p9993_n400_t4797_plan_b_range_v1/meta.json,data/tasks/q_1p6007-2p9993_n400_t4797_plan_b_range_v1/meta.json,shared_dataset,dataset_metadata,MUST_UPLOAD,primary_package,3723,4096,JSON_READABLE,01_datasets/q_1p6007-2p9993_n400_t4797_plan_b_range_v1/meta.json,898a2f4a2b9ebe85278a0aef4d4720d649e491c877642c2298d12ddaf77801f8,current_file_verified_against_record,,
/home/shanjinshuo/fno_kerr/kerr_project/data/tasks/q_1p6007-2p9993_n400_t4797_plan_b_range_v1/solver_diagnostics.json,data/tasks/q_1p6007-2p9993_n400_t4797_plan_b_range_v1/solver_diagnostics.json,shared_dataset,dataset_metadata,MUST_UPLOAD,primary_package,241251,241664,JSON_READABLE,01_datasets/q_1p6007-2p9993_n400_t4797_plan_b_range_v1/solver_diagnostics.json,9469f3a3b96588e019ea490d214cd6c578ff79d875bed01fb26df2ec793d10df,computed_during_inventory,,
/home/shanjinshuo/fno_kerr/kerr_project/outputs/benchmark_track_a_v1/phase_i_wave1_fno1d_20260912/eval_t1200/matrix.json,outputs/benchmark_track_a_v1/phase_i_wave1_fno1d_20260912/eval_t1200/matrix.json,track_a,metrics_metadata,MUST_UPLOAD,primary_package,403152,405504,JSON_READABLE,03_track_a_benchmark/phase_i_wave1_fno1d_20260912/eval_t1200/matrix.json,3861703602589e4d56929f810a6147d6b2ab03b001533b1c751bbf2ebfe1f032,current_file_verified_against_record,,
/home/shanjinshuo/fno_kerr/kerr_project/outputs/benchmark_track_a_v1/phase_i_wave1_fno1d_20260912/eval_t1200/metrics_t1200.json,outputs/benchmark_track_a_v1/phase_i_wave1_fno1d_20260912/eval_t1200/metrics_t1200.json,track_a,metrics_metadata,MUST_UPLOAD,primary_package,86297,90112,JSON_READABLE,03_track_a_benchmark/phase_i_wave1_fno1d_20260912/eval_t1200/metrics_t1200.json,4428f6db3642977d7455ad6a599e02a198060b4f0b8fc00f3460e1e8bc9b7304,current_file_verified_against_record,,
/home/shanjinshuo/fno_kerr/kerr_project/outputs/benchmark_track_a_v1/phase_i_wave1_fno1d_20260912/eval_t1200/metrics_t2399.json,outputs/benchmark_track_a_v1/phase_i_wave1_fno1d_20260912/eval_t1200/metrics_t2399.json,track_a,metrics_metadata,MUST_UPLOAD,primary_package,86304,90112,JSON_READABLE,03_track_a_benchmark/phase_i_wave1_fno1d_20260912/eval_t1200/metrics_t2399.json,d4a2640c2aea7b3aca88c473449abfbd6702626c69f2bdc45fa95dd9107b65ea,current_file_verified_against_record,,
/home/shanjinshuo/fno_kerr/kerr_project/outputs/benchmark_track_a_v1/phase_i_wave1_fno1d_20260912/eval_t1200/metrics_t3598.json,outputs/benchmark_track_a_v1/phase_i_wave1_fno1d_20260912/eval_t1200/metrics_t3598.json,track_a,metrics_metadata,MUST_UPLOAD,primary_package,86321,90112,JSON_READABLE,03_track_a_benchmark/phase_i_wave1_fno1d_20260912/eval_t1200/metrics_t3598.json,5b1b599d18b8873f58d8b84a2a0e57c9f292152a9bc4ed6b4ebda1583d8df082,current_file_verified_against_record,,
/home/shanjinshuo/fno_kerr/kerr_project/outputs/benchmark_track_a_v1/phase_i_wave1_fno1d_20260912/eval_t1200/metrics_t4797.json,outputs/benchmark_track_a_v1/phase_i_wave1_fno1d_20260912/eval_t1200/metrics_t4797.json,track_a,metrics_metadata,MUST_UPLOAD,primary_package,86322,90112,JSON_READABLE,03_track_a_benchmark/phase_i_wave1_fno1d_20260912/eval_t1200/metrics_t4797.json,c5936d74ff5f90955a2733af94c44ad54494f256c3a0bc1a713d81bd115c34ac,current_file_verified_against_record,,
/home/shanjinshuo/fno_kerr/kerr_project/outputs/benchmark_track_a_v1/phase_i_wave1_fno1d_20260912/eval_t1200/prediction_t1200.npz,outputs/benchmark_track_a_v1/phase_i_wave1_fno1d_20260912/eval_t1200/prediction_t1200.npz,track_a,final_prediction,MUST_UPLOAD,primary_package,5325690,5328896,ZIP_CRC_OK,03_track_a_benchmark/phase_i_wave1_fno1d_20260912/eval_t1200/prediction_t1200.npz,4482c19f58f57b5102e33942f6a50fb04ce7a31729727b041457922edef3c0c3,current_file_verified_against_record,,
/home/shanjinshuo/fno_kerr/kerr_project/outputs/benchmark_track_a_v1/phase_i_wave1_fno1d_20260912/eval_t1200/prediction_t2399.npz,outputs/benchmark_track_a_v1/phase_i_wave1_fno1d_20260912/eval_t1200/prediction_t2399.npz,track_a,final_prediction,MUST_UPLOAD,primary_package,10630464,10633216,ZIP_CRC_OK,03_track_a_benchmark/phase_i_wave1_fno1d_20260912/eval_t1200/prediction_t2399.npz,18c4f0253548d52963d8075ec2847e4cad310993367921bcda3c65eed5049d99,current_file_verified_against_record,,
/home/shanjinshuo/fno_kerr/kerr_project/outputs/benchmark_track_a_v1/phase_i_wave1_fno1d_20260912/eval_t1200/prediction_t3598.npz,outputs/benchmark_track_a_v1/phase_i_wave1_fno1d_20260912/eval_t1200/prediction_t3598.npz,track_a,final_prediction,MUST_UPLOAD,primary_package,15917039,15917056,ZIP_CRC_OK,03_track_a_benchmark/phase_i_wave1_fno1d_20260912/eval_t1200/prediction_t3598.npz,1aa211acd83cf3b3fc338ce20e66e7c0093698a8b898be932baef56533011a1a,current_file_verified_against_record,,
/home/shanjinshuo/fno_kerr/kerr_project/outputs/benchmark_track_a_v1/phase_i_wave1_fno1d_20260912/eval_t1200/prediction_t4797.npz,outputs/benchmark_track_a_v1/phase_i_wave1_fno1d_20260912/eval_t1200/prediction_t4797.npz,track_a,final_prediction,MUST_UPLOAD,primary_package,21182360,21184512,ZIP_CRC_OK,03_track_a_benchmark/phase_i_wave1_fno1d_20260912/eval_t1200/prediction_t4797.npz,08b386d4bd24f4f552a0eddcb22ef9ca0dc51b5b980e5f06c8a55a2a2dbde75b,current_file_verified_against_record,,
/home/shanjinshuo/fno_kerr/kerr_project/outputs/benchmark_track_a_v1/phase_i_wave1_fno1d_20260912/eval_t2399/matrix.json,outputs/benchmark_track_a_v1/phase_i_wave1_fno1d_20260912/eval_t2399/matrix.json,track_a,metrics_metadata,MUST_UPLOAD,primary_package,403144,405504,JSON_READABLE,03_track_a_benchmark/phase_i_wave1_fno1d_20260912/eval_t2399/matrix.json,729c68ea54c85c22324d92ed1a50353434b63191793468fcfa069f738d42ef9d,current_file_verified_against_record,,
/home/shanjinshuo/fno_kerr/kerr_project/outputs/benchmark_track_a_v1/phase_i_wave1_fno1d_20260912/eval_t2399/metrics_t1200.json,outputs/benchmark_track_a_v1/phase_i_wave1_fno1d_20260912/eval_t2399/metrics_t1200.json,track_a,metrics_metadata,MUST_UPLOAD,primary_package,86296,90112,JSON_READABLE,03_track_a_benchmark/phase_i_wave1_fno1d_20260912/eval_t2399/metrics_t1200.json,16c78cc0adda36db50442e37f73935457d2b73f5c2bcc64a2be23f986cba2787,current_file_verified_against_record,,
/home/shanjinshuo/fno_kerr/kerr_project/outputs/benchmark_track_a_v1/phase_i_wave1_fno1d_20260912/eval_t2399/metrics_t2399.json,outputs/benchmark_track_a_v1/phase_i_wave1_fno1d_20260912/eval_t2399/metrics_t2399.json,track_a,metrics_metadata,MUST_UPLOAD,primary_package,86309,90112,JSON_READABLE,03_track_a_benchmark/phase_i_wave1_fno1d_20260912/eval_t2399/metrics_t2399.json,9e1f30573355807d802eff2e583f69bf9ef91f3fddd89d19e345295007a6e16d,current_file_verified_against_record,,
/home/shanjinshuo/fno_kerr/kerr_project/outputs/benchmark_track_a_v1/phase_i_wave1_fno1d_20260912/eval_t2399/metrics_t3598.json,outputs/benchmark_track_a_v1/phase_i_wave1_fno1d_20260912/eval_t2399/metrics_t3598.json,track_a,metrics_metadata,MUST_UPLOAD,primary_package,86313,90112,JSON_READABLE,03_track_a_benchmark/phase_i_wave1_fno1d_20260912/eval_t2399/metrics_t3598.json,c407e515f8da91af2e3b996afe1792a1422db704737c502eb4a6454bfba17512,current_file_verified_against_record,,
/home/shanjinshuo/fno_kerr/kerr_project/outputs/benchmark_track_a_v1/phase_i_wave1_fno1d_20260912/eval_t2399/metrics_t4797.json,outputs/benchmark_track_a_v1/phase_i_wave1_fno1d_20260912/eval_t2399/metrics_t4797.json,track_a,metrics_metadata,MUST_UPLOAD,primary_package,86314,90112,JSON_READABLE,03_track_a_benchmark/phase_i_wave1_fno1d_20260912/eval_t2399/metrics_t4797.json,f4848d03097d52d9bc6759aeaed841cc6a330c1b2602c248133f8ca308a255a2,current_file_verified_against_record,,
/home/shanjinshuo/fno_kerr/kerr_project/outputs/benchmark_track_a_v1/phase_i_wave1_fno1d_20260912/eval_t2399/prediction_t1200.npz,outputs/benchmark_track_a_v1/phase_i_wave1_fno1d_20260912/eval_t2399/prediction_t1200.npz,track_a,final_prediction,MUST_UPLOAD,primary_package,5326278,5328896,ZIP_CRC_OK,03_track_a_benchmark/phase_i_wave1_fno1d_20260912/eval_t2399/prediction_t1200.npz,3b281d521609853f3b384bf7c7d18c488f514d281a8790161c9c7151dc189ae0,current_file_verified_against_record,,
/home/shanjinshuo/fno_kerr/kerr_project/outputs/benchmark_track_a_v1/phase_i_wave1_fno1d_20260912/eval_t2399/prediction_t2399.npz,outputs/benchmark_track_a_v1/phase_i_wave1_fno1d_20260912/eval_t2399/prediction_t2399.npz,track_a,final_prediction,MUST_UPLOAD,primary_package,10631691,10633216,ZIP_CRC_OK,03_track_a_benchmark/phase_i_wave1_fno1d_20260912/eval_t2399/prediction_t2399.npz,ed303536ec083b3d4cfe2ebc4efc1db23a3362f9c788c28ef80fe50625a2bbb7,current_file_verified_against_record,,
/home/shanjinshuo/fno_kerr/kerr_project/outputs/benchmark_track_a_v1/phase_i_wave1_fno1d_20260912/eval_t2399/prediction_t3598.npz,outputs/benchmark_track_a_v1/phase_i_wave1_fno1d_20260912/eval_t2399/prediction_t3598.npz,track_a,final_prediction,MUST_UPLOAD,primary_package,15918643,15921152,ZIP_CRC_OK,03_track_a_benchmark/phase_i_wave1_fno1d_20260912/eval_t2399/prediction_t3598.npz,c4fc2006381d0a28f736976cf0da1438e83d3ab2dcc52bb1013730ff29e789a7,current_file_verified_against_record,,
/home/shanjinshuo/fno_kerr/kerr_project/outputs/benchmark_track_a_v1/phase_i_wave1_fno1d_20260912/eval_t2399/prediction_t4797.npz,outputs/benchmark_track_a_v1/phase_i_wave1_fno1d_20260912/eval_t2399/prediction_t4797.npz,track_a,final_prediction,MUST_UPLOAD,primary_package,21186203,21188608,ZIP_CRC_OK,03_track_a_benchmark/phase_i_wave1_fno1d_20260912/eval_t2399/prediction_t4797.npz,97b281bcd45a775ba7b13f573cb45030df35e33b66e1dcef1daa0831bfa5bab9,current_file_verified_against_record,,
/home/shanjinshuo/fno_kerr/kerr_project/outputs/benchmark_track_a_v1/phase_i_wave1_fno1d_20260912/evaluate_t1200.log,outputs/benchmark_track_a_v1/phase_i_wave1_fno1d_20260912/evaluate_t1200.log,track_a,runtime_log,DO_NOT_UPLOAD,retain_on_server,403152,405504,EXISTS,,3861703602589e4d56929f810a6147d6b2ab03b001533b1c751bbf2ebfe1f032,current_file_verified_against_record,outputs/benchmark_track_a_v1/phase_i_wave1_fno1d_20260912/eval_t1200/matrix.json,
/home/shanjinshuo/fno_kerr/kerr_project/outputs/benchmark_track_a_v1/phase_i_wave1_fno1d_20260912/evaluate_t2399.log,outputs/benchmark_track_a_v1/phase_i_wave1_fno1d_20260912/evaluate_t2399.log,track_a,runtime_log,DO_NOT_UPLOAD,retain_on_server,403144,405504,EXISTS,,729c68ea54c85c22324d92ed1a50353434b63191793468fcfa069f738d42ef9d,current_file_verified_against_record,outputs/benchmark_track_a_v1/phase_i_wave1_fno1d_20260912/eval_t2399/matrix.json,
/home/shanjinshuo/fno_kerr/kerr_project/outputs/benchmark_track_a_v1/phase_i_wave1_fno1d_20260912/train_t1200/best_model.pt,outputs/benchmark_track_a_v1/phase_i_wave1_fno1d_20260912/train_t1200/best_model.pt,track_a,best_checkpoint,RECOMMENDED_UPLOAD,optional_package,4291732,4292608,ZIP_CRC_OK,04_best_checkpoints/track_a/phase_i_wave1_fno1d_20260912/train_t1200/best_model.pt,11ccbebf1d0fd68c57d0895685adeb7d1386da723242ee8271b18286ebbb7ff1,current_file_verified_against_record,,
/home/shanjinshuo/fno_kerr/kerr_project/outputs/benchmark_track_a_v1/phase_i_wave1_fno1d_20260912/train_t1200/epoch_0025.pt,outputs/benchmark_track_a_v1/phase_i_wave1_fno1d_20260912/train_t1200/epoch_0025.pt,track_a,intermediate_checkpoint,DO_NOT_UPLOAD,retain_on_server,17170386,17170432,EXISTS,,10002aaa05d0f1bf1d2d4629b9a751ab3b4f351aed83cc0040672bd9fe88a349,previously_recorded_not_rehashed,,
/home/shanjinshuo/fno_kerr/kerr_project/outputs/benchmark_track_a_v1/phase_i_wave1_fno1d_20260912/train_t1200/epoch_0050.pt,outputs/benchmark_track_a_v1/phase_i_wave1_fno1d_20260912/train_t1200/epoch_0050.pt,track_a,intermediate_checkpoint,DO_NOT_UPLOAD,retain_on_server,17171538,17174528,EXISTS,,de98344faef4ffd69fa9294372593bc7e04873505bc305136e8e5c0f2c7c5dbb,previously_recorded_not_rehashed,,
/home/shanjinshuo/fno_kerr/kerr_project/outputs/benchmark_track_a_v1/phase_i_wave1_fno1d_20260912/train_t1200/epoch_0075.pt,outputs/benchmark_track_a_v1/phase_i_wave1_fno1d_20260912/train_t1200/epoch_0075.pt,track_a,intermediate_checkpoint,DO_NOT_UPLOAD,retain_on_server,17172626,17174528,EXISTS,,b9ccb66713fcf8d842aad37118162d14d4ae43902af1fa023e2d0f281181ae48,previously_recorded_not_rehashed,,
/home/shanjinshuo/fno_kerr/kerr_project/outputs/benchmark_track_a_v1/phase_i_wave1_fno1d_20260912/train_t1200/epoch_0100.pt,outputs/benchmark_track_a_v1/phase_i_wave1_fno1d_20260912/train_t1200/epoch_0100.pt,track_a,intermediate_checkpoint,DO_NOT_UPLOAD,retain_on_server,17175250,17178624,EXISTS,,500d5de95c33efda97e674254e851fa5e1f2e062808c8e0abe07eb4708ba290d,previously_recorded_not_rehashed,,
/home/shanjinshuo/fno_kerr/kerr_project/outputs/benchmark_track_a_v1/phase_i_wave1_fno1d_20260912/train_t1200/epoch_0125.pt,outputs/benchmark_track_a_v1/phase_i_wave1_fno1d_20260912/train_t1200/epoch_0125.pt,track_a,intermediate_checkpoint,DO_NOT_UPLOAD,retain_on_server,17176402,17178624,EXISTS,,38749be96fdda1ae6da3c2d193d2469e1dcfcda5e5c183b9805a8335e55e1782,previously_recorded_not_rehashed,,
/home/shanjinshuo/fno_kerr/kerr_project/outputs/benchmark_track_a_v1/phase_i_wave1_fno1d_20260912/train_t1200/epoch_0150.pt,outputs/benchmark_track_a_v1/phase_i_wave1_fno1d_20260912/train_t1200/epoch_0150.pt,track_a,intermediate_checkpoint,DO_NOT_UPLOAD,retain_on_server,17177490,17178624,EXISTS,,dd7e1ab6bfbf1a26abfeeec1818da7b63afa6823cc5cc10660fa53e4cbb32a7b,previously_recorded_not_rehashed,,
/home/shanjinshuo/fno_kerr/kerr_project/outputs/benchmark_track_a_v1/phase_i_wave1_fno1d_20260912/train_t1200/epoch_0175.pt,outputs/benchmark_track_a_v1/phase_i_wave1_fno1d_20260912/train_t1200/epoch_0175.pt,track_a,intermediate_checkpoint,DO_NOT_UPLOAD,retain_on_server,17178642,17182720,EXISTS,,095eecdff45ccb33a6771207cc8abfad0fc24b3279324619ccb39931be20c7a7,previously_recorded_not_rehashed,,
/home/shanjinshuo/fno_kerr/kerr_project/outputs/benchmark_track_a_v1/phase_i_wave1_fno1d_20260912/train_t1200/epoch_0200.pt,outputs/benchmark_track_a_v1/phase_i_wave1_fno1d_20260912/train_t1200/epoch_0200.pt,track_a,intermediate_checkpoint,DO_NOT_UPLOAD,retain_on_server,17179730,17182720,EXISTS,,a7be6c9a2b125307a63a403ed67d1d96ad3a77435f678a64a9150eaa0e370385,previously_recorded_not_rehashed,,
/home/shanjinshuo/fno_kerr/kerr_project/outputs/benchmark_track_a_v1/phase_i_wave1_fno1d_20260912/train_t1200/epoch_0225.pt,outputs/benchmark_track_a_v1/phase_i_wave1_fno1d_20260912/train_t1200/epoch_0225.pt,track_a,intermediate_checkpoint,DO_NOT_UPLOAD,retain_on_server,17180882,17182720,EXISTS,,bc8aa2976cf9e4de501a56db629e306c334f81f32a948e38b16b600b46461274,previously_recorded_not_rehashed,,
/home/shanjinshuo/fno_kerr/kerr_project/outputs/benchmark_track_a_v1/phase_i_wave1_fno1d_20260912/train_t1200/epoch_0250.pt,outputs/benchmark_track_a_v1/phase_i_wave1_fno1d_20260912/train_t1200/epoch_0250.pt,track_a,intermediate_checkpoint,DO_NOT_UPLOAD,retain_on_server,17181970,17182720,EXISTS,,46118642e43b2e2a53c585932483770abad5d4fbcc6c30dd9d4b18dc9f2c15af,previously_recorded_not_rehashed,,
/home/shanjinshuo/fno_kerr/kerr_project/outputs/benchmark_track_a_v1/phase_i_wave1_fno1d_20260912/train_t1200/epoch_0275.pt,outputs/benchmark_track_a_v1/phase_i_wave1_fno1d_20260912/train_t1200/epoch_0275.pt,track_a,intermediate_checkpoint,DO_NOT_UPLOAD,retain_on_server,17183122,17186816,EXISTS,,781356354da8f6f17beedb18437e7538635e74ad462a834b6d1fb23875e95aa0,previously_recorded_not_rehashed,,
/home/shanjinshuo/fno_kerr/kerr_project/outputs/benchmark_track_a_v1/phase_i_wave1_fno1d_20260912/train_t1200/epoch_0300.pt,outputs/benchmark_track_a_v1/phase_i_wave1_fno1d_20260912/train_t1200/epoch_0300.pt,track_a,intermediate_checkpoint,DO_NOT_UPLOAD,retain_on_server,17184274,17186816,EXISTS,,ce690a254bd64d082a2f36eb0be72b9be806be5ffb52e61c148561b16a9cf640,previously_recorded_not_rehashed,,
/home/shanjinshuo/fno_kerr/kerr_project/outputs/benchmark_track_a_v1/phase_i_wave1_fno1d_20260912/train_t1200/epoch_0325.pt,outputs/benchmark_track_a_v1/phase_i_wave1_fno1d_20260912/train_t1200/epoch_0325.pt,track_a,intermediate_checkpoint,DO_NOT_UPLOAD,retain_on_server,17185426,17186816,EXISTS,,dc649df91fb07de9bc02e7fa8f7965dd5adec24221e148a82205ef894e2c52b3,previously_recorded_not_rehashed,,
/home/shanjinshuo/fno_kerr/kerr_project/outputs/benchmark_track_a_v1/phase_i_wave1_fno1d_20260912/train_t1200/epoch_0350.pt,outputs/benchmark_track_a_v1/phase_i_wave1_fno1d_20260912/train_t1200/epoch_0350.pt,track_a,intermediate_checkpoint,DO_NOT_UPLOAD,retain_on_server,17186578,17186816,EXISTS,,3c514da0beef0f00177fd90071ad2bd725c167fc9d8ed7fae8eba70cba3bca66,previously_recorded_not_rehashed,,
/home/shanjinshuo/fno_kerr/kerr_project/outputs/benchmark_track_a_v1/phase_i_wave1_fno1d_20260912/train_t1200/epoch_0375.pt,outputs/benchmark_track_a_v1/phase_i_wave1_fno1d_20260912/train_t1200/epoch_0375.pt,track_a,intermediate_checkpoint,DO_NOT_UPLOAD,retain_on_server,17187730,17190912,EXISTS,,0717ca3e54bbba4ca772fa61bcfe855d57a8654987f663a890c53f5de1fa3095,previously_recorded_not_rehashed,,
/home/shanjinshuo/fno_kerr/kerr_project/outputs/benchmark_track_a_v1/phase_i_wave1_fno1d_20260912/train_t1200/epoch_0400.pt,outputs/benchmark_track_a_v1/phase_i_wave1_fno1d_20260912/train_t1200/epoch_0400.pt,track_a,intermediate_checkpoint,DO_NOT_UPLOAD,retain_on_server,17188882,17190912,EXISTS,,c1cbf9a5626cb1f4ec5b6d71804d7235a299faec2e28a35361e0bfb48f193999,previously_recorded_not_rehashed,,
/home/shanjinshuo/fno_kerr/kerr_project/outputs/benchmark_track_a_v1/phase_i_wave1_fno1d_20260912/train_t1200/epoch_0425.pt,outputs/benchmark_track_a_v1/phase_i_wave1_fno1d_20260912/train_t1200/epoch_0425.pt,track_a,intermediate_checkpoint,DO_NOT_UPLOAD,retain_on_server,17190034,17190912,EXISTS,,de3bec79656cdb4ec28112aa08476be9789708c3b94ccc6924c07f7cf59f1687,previously_recorded_not_rehashed,,
/home/shanjinshuo/fno_kerr/kerr_project/outputs/benchmark_track_a_v1/phase_i_wave1_fno1d_20260912/train_t1200/epoch_0450.pt,outputs/benchmark_track_a_v1/phase_i_wave1_fno1d_20260912/train_t1200/epoch_0450.pt,track_a,intermediate_checkpoint,DO_NOT_UPLOAD,retain_on_server,17191186,17195008,EXISTS,,db621144cbef684f2979a38fe6e47b22e252c00c8a271dfda35e2d92f8553259,previously_recorded_not_rehashed,,
/home/shanjinshuo/fno_kerr/kerr_project/outputs/benchmark_track_a_v1/phase_i_wave1_fno1d_20260912/train_t1200/epoch_0475.pt,outputs/benchmark_track_a_v1/phase_i_wave1_fno1d_20260912/train_t1200/epoch_0475.pt,track_a,intermediate_checkpoint,DO_NOT_UPLOAD,retain_on_server,17192338,17195008,EXISTS,,b1cae6d82fa2a3865684a6b38c28a92d48fa643d2f928aa81c46a88568f3a828,previously_recorded_not_rehashed,,
/home/shanjinshuo/fno_kerr/kerr_project/outputs/benchmark_track_a_v1/phase_i_wave1_fno1d_20260912/train_t1200/epoch_0500.pt,outputs/benchmark_track_a_v1/phase_i_wave1_fno1d_20260912/train_t1200/epoch_0500.pt,track_a,intermediate_checkpoint,DO_NOT_UPLOAD,retain_on_server,17193490,17195008,EXISTS,,bc748f5f0947de174cfaf2033bcdd0cc5fa138e8a702cfdbfe04fcc752d5a905,previously_recorded_not_rehashed,,
/home/shanjinshuo/fno_kerr/kerr_project/outputs/benchmark_track_a_v1/phase_i_wave1_fno1d_20260912/train_t1200/run.json,outputs/benchmark_track_a_v1/phase_i_wave1_fno1d_20260912/train_t1200/run.json,track_a,provenance_summary,RECOMMENDED_UPLOAD,optional_package,5491,8192,JSON_READABLE,03_track_a_benchmark/phase_i_wave1_fno1d_20260912/train_t1200/run.json,441a543c0bd4dbedcce43d5c89bbe3156b46d0fc5aa3329e72d4ff168dc2cac0,current_file_verified_against_record,,
/home/shanjinshuo/fno_kerr/kerr_project/outputs/benchmark_track_a_v1/phase_i_wave1_fno1d_20260912/train_t1200/summary.json,outputs/benchmark_track_a_v1/phase_i_wave1_fno1d_20260912/train_t1200/summary.json,track_a,provenance_summary,RECOMMENDED_UPLOAD,optional_package,100691,102400,JSON_READABLE,03_track_a_benchmark/phase_i_wave1_fno1d_20260912/train_t1200/summary.json,8673834acad990d7bb874d6a44230dedd7d6ee2c0990114d60afc64281ffd20b,current_file_verified_against_record,,
/home/shanjinshuo/fno_kerr/kerr_project/outputs/benchmark_track_a_v1/phase_i_wave1_fno1d_20260912/train_t1200.log,outputs/benchmark_track_a_v1/phase_i_wave1_fno1d_20260912/train_t1200.log,track_a,runtime_log,DO_NOT_UPLOAD,retain_on_server,95203,98304,EXISTS,,af91570df9521c028387431964ac77c2d3735ada3ada57808c73e5165bd60c25,current_file_verified_against_record,,
/home/shanjinshuo/fno_kerr/kerr_project/outputs/benchmark_track_a_v1/phase_i_wave1_fno1d_20260912/train_t2399/best_model.pt,outputs/benchmark_track_a_v1/phase_i_wave1_fno1d_20260912/train_t2399/best_model.pt,track_a,best_checkpoint,RECOMMENDED_UPLOAD,optional_package,4291796,4292608,ZIP_CRC_OK,04_best_checkpoints/track_a/phase_i_wave1_fno1d_20260912/train_t2399/best_model.pt,1b226b5f62d2f931401a8aefe3794d0b95234acbed0c4b20a6b9c483852eb1f1,current_file_verified_against_record,,
/home/shanjinshuo/fno_kerr/kerr_project/outputs/benchmark_track_a_v1/phase_i_wave1_fno1d_20260912/train_t2399/epoch_0025.pt,outputs/benchmark_track_a_v1/phase_i_wave1_fno1d_20260912/train_t2399/epoch_0025.pt,track_a,intermediate_checkpoint,DO_NOT_UPLOAD,retain_on_server,17170450,17174528,EXISTS,,5172c16e2bfaeaee9f8aac14c49995f389528876f7ffdbbf856215aafdabc83f,previously_recorded_not_rehashed,,
/home/shanjinshuo/fno_kerr/kerr_project/outputs/benchmark_track_a_v1/phase_i_wave1_fno1d_20260912/train_t2399/epoch_0050.pt,outputs/benchmark_track_a_v1/phase_i_wave1_fno1d_20260912/train_t2399/epoch_0050.pt,track_a,intermediate_checkpoint,DO_NOT_UPLOAD,retain_on_server,17171538,17174528,EXISTS,,9c8bcf3be9645f82c8b032af767c3c4b050f9b29453180fd61442304a80b4142,previously_recorded_not_rehashed,,
/home/shanjinshuo/fno_kerr/kerr_project/outputs/benchmark_track_a_v1/phase_i_wave1_fno1d_20260912/train_t2399/epoch_0075.pt,outputs/benchmark_track_a_v1/phase_i_wave1_fno1d_20260912/train_t2399/epoch_0075.pt,track_a,intermediate_checkpoint,DO_NOT_UPLOAD,retain_on_server,17172690,17174528,EXISTS,,50950a1801f6bca287a95668d659dfd708d59fb1c7d5559cfb5c206d6c14f9d1,previously_recorded_not_rehashed,,
/home/shanjinshuo/fno_kerr/kerr_project/outputs/benchmark_track_a_v1/phase_i_wave1_fno1d_20260912/train_t2399/epoch_0100.pt,outputs/benchmark_track_a_v1/phase_i_wave1_fno1d_20260912/train_t2399/epoch_0100.pt,track_a,intermediate_checkpoint,DO_NOT_UPLOAD,retain_on_server,17175250,17178624,EXISTS,,42a5c032382d78991b21ef956f125ac61a8453f7f632d39c05a343ca7d76a7c8,previously_recorded_not_rehashed,,
/home/shanjinshuo/fno_kerr/kerr_project/outputs/benchmark_track_a_v1/phase_i_wave1_fno1d_20260912/train_t2399/epoch_0125.pt,outputs/benchmark_track_a_v1/phase_i_wave1_fno1d_20260912/train_t2399/epoch_0125.pt,track_a,intermediate_checkpoint,DO_NOT_UPLOAD,retain_on_server,17176402,17178624,EXISTS,,a8a132c5f9f42dca9302054cbcf6e02644248c74d0ba8614d3d0c8f2d1e179f7,previously_recorded_not_rehashed,,
/home/shanjinshuo/fno_kerr/kerr_project/outputs/benchmark_track_a_v1/phase_i_wave1_fno1d_20260912/train_t2399/epoch_0150.pt,outputs/benchmark_track_a_v1/phase_i_wave1_fno1d_20260912/train_t2399/epoch_0150.pt,track_a,intermediate_checkpoint,DO_NOT_UPLOAD,retain_on_server,17177490,17178624,EXISTS,,9f2ab44dc82f3d2ed0e38dd4b8fd9fd71a9db3e6067fc3633f89d4ac3014063e,previously_recorded_not_rehashed,,
/home/shanjinshuo/fno_kerr/kerr_project/outputs/benchmark_track_a_v1/phase_i_wave1_fno1d_20260912/train_t2399/epoch_0175.pt,outputs/benchmark_track_a_v1/phase_i_wave1_fno1d_20260912/train_t2399/epoch_0175.pt,track_a,intermediate_checkpoint,DO_NOT_UPLOAD,retain_on_server,17178642,17182720,EXISTS,,4c00a07cd748eab8184b038db5d1bffbfd7b1545a066343447214d9c8299355e,previously_recorded_not_rehashed,,
/home/shanjinshuo/fno_kerr/kerr_project/outputs/benchmark_track_a_v1/phase_i_wave1_fno1d_20260912/train_t2399/epoch_0200.pt,outputs/benchmark_track_a_v1/phase_i_wave1_fno1d_20260912/train_t2399/epoch_0200.pt,track_a,intermediate_checkpoint,DO_NOT_UPLOAD,retain_on_server,17179794,17182720,EXISTS,,0701e30d7cd4ab7dc58d040434314278aca93be3b32091cb2ceaa5f7e325ba73,previously_recorded_not_rehashed,,
/home/shanjinshuo/fno_kerr/kerr_project/outputs/benchmark_track_a_v1/phase_i_wave1_fno1d_20260912/train_t2399/epoch_0225.pt,outputs/benchmark_track_a_v1/phase_i_wave1_fno1d_20260912/train_t2399/epoch_0225.pt,track_a,intermediate_checkpoint,DO_NOT_UPLOAD,retain_on_server,17180882,17182720,EXISTS,,cfb1d5acdb92916b467bd8ca444575cd8a084cc4a9abe1f4fb26f41573dfcef4,previously_recorded_not_rehashed,,
/home/shanjinshuo/fno_kerr/kerr_project/outputs/benchmark_track_a_v1/phase_i_wave1_fno1d_20260912/train_t2399/epoch_0250.pt,outputs/benchmark_track_a_v1/phase_i_wave1_fno1d_20260912/train_t2399/epoch_0250.pt,track_a,intermediate_checkpoint,DO_NOT_UPLOAD,retain_on_server,17182034,17182720,EXISTS,,ef41dc97b4c324fb36190edcc33f6fa21e931c01ddd1689b4a5d45a023bd7fb5,previously_recorded_not_rehashed,,
/home/shanjinshuo/fno_kerr/kerr_project/outputs/benchmark_track_a_v1/phase_i_wave1_fno1d_20260912/train_t2399/epoch_0275.pt,outputs/benchmark_track_a_v1/phase_i_wave1_fno1d_20260912/train_t2399/epoch_0275.pt,track_a,intermediate_checkpoint,DO_NOT_UPLOAD,retain_on_server,17183186,17186816,EXISTS,,dad7ee1348806b78865f1a60a54b20c06f109ba4ce382135e8359a7854460a19,previously_recorded_not_rehashed,,
/home/shanjinshuo/fno_kerr/kerr_project/outputs/benchmark_track_a_v1/phase_i_wave1_fno1d_20260912/train_t2399/epoch_0300.pt,outputs/benchmark_track_a_v1/phase_i_wave1_fno1d_20260912/train_t2399/epoch_0300.pt,track_a,intermediate_checkpoint,DO_NOT_UPLOAD,retain_on_server,17184338,17186816,EXISTS,,cc4ead95088b3397717c8efd358bf329a3ddebbc407118add59f710bb1571570,previously_recorded_not_rehashed,,
/home/shanjinshuo/fno_kerr/kerr_project/outputs/benchmark_track_a_v1/phase_i_wave1_fno1d_20260912/train_t2399/epoch_0325.pt,outputs/benchmark_track_a_v1/phase_i_wave1_fno1d_20260912/train_t2399/epoch_0325.pt,track_a,intermediate_checkpoint,DO_NOT_UPLOAD,retain_on_server,17185490,17186816,EXISTS,,e17074293f265964c8f8d842b12890078dae3366cb150bc9da1743c011c6579f,previously_recorded_not_rehashed,,
/home/shanjinshuo/fno_kerr/kerr_project/outputs/benchmark_track_a_v1/phase_i_wave1_fno1d_20260912/train_t2399/epoch_0350.pt,outputs/benchmark_track_a_v1/phase_i_wave1_fno1d_20260912/train_t2399/epoch_0350.pt,track_a,intermediate_checkpoint,DO_NOT_UPLOAD,retain_on_server,17186642,17186816,EXISTS,,681fdcd6a2e5af68dad5e6f06ece5a22448e972393ce60d80eef2cdfba8e4279,previously_recorded_not_rehashed,,
/home/shanjinshuo/fno_kerr/kerr_project/outputs/benchmark_track_a_v1/phase_i_wave1_fno1d_20260912/train_t2399/epoch_0375.pt,outputs/benchmark_track_a_v1/phase_i_wave1_fno1d_20260912/train_t2399/epoch_0375.pt,track_a,intermediate_checkpoint,DO_NOT_UPLOAD,retain_on_server,17187794,17190912,EXISTS,,116331cc254aaa1d9034c86f73b1077c20f6abb031a8f6829a54b9344d7b2dad,previously_recorded_not_rehashed,,
/home/shanjinshuo/fno_kerr/kerr_project/outputs/benchmark_track_a_v1/phase_i_wave1_fno1d_20260912/train_t2399/epoch_0400.pt,outputs/benchmark_track_a_v1/phase_i_wave1_fno1d_20260912/train_t2399/epoch_0400.pt,track_a,intermediate_checkpoint,DO_NOT_UPLOAD,retain_on_server,17188946,17190912,EXISTS,,8b30f6a158b5c41d1e74dbea4c5e47564429b570fd87a0748d93b63509ca7749,previously_recorded_not_rehashed,,
/home/shanjinshuo/fno_kerr/kerr_project/outputs/benchmark_track_a_v1/phase_i_wave1_fno1d_20260912/train_t2399/epoch_0425.pt,outputs/benchmark_track_a_v1/phase_i_wave1_fno1d_20260912/train_t2399/epoch_0425.pt,track_a,intermediate_checkpoint,DO_NOT_UPLOAD,retain_on_server,17190098,17190912,EXISTS,,5105f00edcd3dbfa79736901008692c75a88565ceb978d10d4a9f60f74e06a54,previously_recorded_not_rehashed,,
/home/shanjinshuo/fno_kerr/kerr_project/outputs/benchmark_track_a_v1/phase_i_wave1_fno1d_20260912/train_t2399/epoch_0450.pt,outputs/benchmark_track_a_v1/phase_i_wave1_fno1d_20260912/train_t2399/epoch_0450.pt,track_a,intermediate_checkpoint,DO_NOT_UPLOAD,retain_on_server,17191186,17195008,EXISTS,,3e8b649a33bfaba56e3bf9947fbb3bff93b479dae5ec44d00b70a189c4e2e724,previously_recorded_not_rehashed,,
/home/shanjinshuo/fno_kerr/kerr_project/outputs/benchmark_track_a_v1/phase_i_wave1_fno1d_20260912/train_t2399/epoch_0475.pt,outputs/benchmark_track_a_v1/phase_i_wave1_fno1d_20260912/train_t2399/epoch_0475.pt,track_a,intermediate_checkpoint,DO_NOT_UPLOAD,retain_on_server,17192338,17195008,EXISTS,,9a102427226a12613e4c729292ecd2b710590bf82f8a65901efb7edae522eb3c,previously_recorded_not_rehashed,,
/home/shanjinshuo/fno_kerr/kerr_project/outputs/benchmark_track_a_v1/phase_i_wave1_fno1d_20260912/train_t2399/epoch_0500.pt,outputs/benchmark_track_a_v1/phase_i_wave1_fno1d_20260912/train_t2399/epoch_0500.pt,track_a,intermediate_checkpoint,DO_NOT_UPLOAD,retain_on_server,17193490,17195008,EXISTS,,389ffe78f84d4486a41352acb134c058d022a4ec1885919421a49958d80e673b,previously_recorded_not_rehashed,,
/home/shanjinshuo/fno_kerr/kerr_project/outputs/benchmark_track_a_v1/phase_i_wave1_fno1d_20260912/train_t2399/run.json,outputs/benchmark_track_a_v1/phase_i_wave1_fno1d_20260912/train_t2399/run.json,track_a,provenance_summary,RECOMMENDED_UPLOAD,optional_package,5509,8192,JSON_READABLE,03_track_a_benchmark/phase_i_wave1_fno1d_20260912/train_t2399/run.json,186f95d4f9557e3dce972c02dc781e05b1bdd51da920b1ce9d127b51101add7d,current_file_verified_against_record,,
/home/shanjinshuo/fno_kerr/kerr_project/outputs/benchmark_track_a_v1/phase_i_wave1_fno1d_20260912/train_t2399/summary.json,outputs/benchmark_track_a_v1/phase_i_wave1_fno1d_20260912/train_t2399/summary.json,track_a,provenance_summary,RECOMMENDED_UPLOAD,optional_package,100723,102400,JSON_READABLE,03_track_a_benchmark/phase_i_wave1_fno1d_20260912/train_t2399/summary.json,0244a47c927a2b0e455b9e4a80903e0ec5ab8edaffe99fbfc8916ecddf6e695c,current_file_verified_against_record,,
/home/shanjinshuo/fno_kerr/kerr_project/outputs/benchmark_track_a_v1/phase_i_wave1_fno1d_20260912/train_t2399.log,outputs/benchmark_track_a_v1/phase_i_wave1_fno1d_20260912/train_t2399.log,track_a,runtime_log,DO_NOT_UPLOAD,retain_on_server,95217,98304,EXISTS,,36d65467c531a4b43b83bc853d4a31f58826d4b95ba001a2ee68a1c9e5d5cdf2,current_file_verified_against_record,,
/home/shanjinshuo/fno_kerr/kerr_project/outputs/benchmark_track_a_v1/phase_i_wave1_fno1d_20260912/wave_execution.json,outputs/benchmark_track_a_v1/phase_i_wave1_fno1d_20260912/wave_execution.json,track_a,provenance_summary,RECOMMENDED_UPLOAD,optional_package,878,4096,JSON_READABLE,03_track_a_benchmark/phase_i_wave1_fno1d_20260912/wave_execution.json,de1f81ca45addf1db3bd8f3e31e57914f2d9f944fbbfe96958ed6860f804ac41,current_file_verified_against_record,,
/home/shanjinshuo/fno_kerr/kerr_project/outputs/benchmark_track_a_v1/phase_i_wave1_fno1d_20260912/wave_summary.json,outputs/benchmark_track_a_v1/phase_i_wave1_fno1d_20260912/wave_summary.json,track_a,provenance_summary,RECOMMENDED_UPLOAD,optional_package,12212,12288,JSON_READABLE,03_track_a_benchmark/phase_i_wave1_fno1d_20260912/wave_summary.json,528f9de9c977a2dfb83334cb999619bcea2b7f710cb900cc0bb4a206d87266c6,current_file_verified_against_record,,
/home/shanjinshuo/fno_kerr/kerr_project/outputs/benchmark_track_a_v1/phase_i_wave2_resnet_20260912/eval_t1200/matrix.json,outputs/benchmark_track_a_v1/phase_i_wave2_resnet_20260912/eval_t1200/matrix.json,track_a,metrics_metadata,MUST_UPLOAD,primary_package,403065,405504,JSON_READABLE,03_track_a_benchmark/phase_i_wave2_resnet_20260912/eval_t1200/matrix.json,8a9d5cfe27ac1c2d15c4c00cd50469836a7e888646d0dd5c685d0e7e9d48680d,current_file_verified_against_record,,
/home/shanjinshuo/fno_kerr/kerr_project/outputs/benchmark_track_a_v1/phase_i_wave2_resnet_20260912/eval_t1200/metrics_t1200.json,outputs/benchmark_track_a_v1/phase_i_wave2_resnet_20260912/eval_t1200/metrics_t1200.json,track_a,metrics_metadata,MUST_UPLOAD,primary_package,86294,90112,JSON_READABLE,03_track_a_benchmark/phase_i_wave2_resnet_20260912/eval_t1200/metrics_t1200.json,deae482da7fb1e15b0c26998b503854d553c9deebe9d1953afcccff9ac9f7dd6,current_file_verified_against_record,,
/home/shanjinshuo/fno_kerr/kerr_project/outputs/benchmark_track_a_v1/phase_i_wave2_resnet_20260912/eval_t1200/metrics_t2399.json,outputs/benchmark_track_a_v1/phase_i_wave2_resnet_20260912/eval_t1200/metrics_t2399.json,track_a,metrics_metadata,MUST_UPLOAD,primary_package,86294,90112,JSON_READABLE,03_track_a_benchmark/phase_i_wave2_resnet_20260912/eval_t1200/metrics_t2399.json,23008f1e8e3f4b444ca9ffbb553c13425ba1c47f31aa8e00ee2c909247408323,current_file_verified_against_record,,
/home/shanjinshuo/fno_kerr/kerr_project/outputs/benchmark_track_a_v1/phase_i_wave2_resnet_20260912/eval_t1200/metrics_t3598.json,outputs/benchmark_track_a_v1/phase_i_wave2_resnet_20260912/eval_t1200/metrics_t3598.json,track_a,metrics_metadata,MUST_UPLOAD,primary_package,86284,90112,JSON_READABLE,03_track_a_benchmark/phase_i_wave2_resnet_20260912/eval_t1200/metrics_t3598.json,6d7ca95100b7d7fb9834cb57c8a46b6217db959fc2ee8e779bf995cb1118425b,current_file_verified_against_record,,
/home/shanjinshuo/fno_kerr/kerr_project/outputs/benchmark_track_a_v1/phase_i_wave2_resnet_20260912/eval_t1200/metrics_t4797.json,outputs/benchmark_track_a_v1/phase_i_wave2_resnet_20260912/eval_t1200/metrics_t4797.json,track_a,metrics_metadata,MUST_UPLOAD,primary_package,86295,90112,JSON_READABLE,03_track_a_benchmark/phase_i_wave2_resnet_20260912/eval_t1200/metrics_t4797.json,c4c98d61b417ac321b0e9059bc138ee5e766c068cec28782aadcb68b00351605,current_file_verified_against_record,,
/home/shanjinshuo/fno_kerr/kerr_project/outputs/benchmark_track_a_v1/phase_i_wave2_resnet_20260912/eval_t1200/prediction_t1200.npz,outputs/benchmark_track_a_v1/phase_i_wave2_resnet_20260912/eval_t1200/prediction_t1200.npz,track_a,final_prediction,MUST_UPLOAD,primary_package,5325827,5328896,ZIP_CRC_OK,03_track_a_benchmark/phase_i_wave2_resnet_20260912/eval_t1200/prediction_t1200.npz,be9d71090e810637b35db93dc9e8ad136cdd22b028190d07b584e9917b662da1,current_file_verified_against_record,,
/home/shanjinshuo/fno_kerr/kerr_project/outputs/benchmark_track_a_v1/phase_i_wave2_resnet_20260912/eval_t1200/prediction_t2399.npz,outputs/benchmark_track_a_v1/phase_i_wave2_resnet_20260912/eval_t1200/prediction_t2399.npz,track_a,final_prediction,MUST_UPLOAD,primary_package,10576842,10579968,ZIP_CRC_OK,03_track_a_benchmark/phase_i_wave2_resnet_20260912/eval_t1200/prediction_t2399.npz,6f39d9638af146b3aa94dc73438ffa18654d37375c5e979dd0a5e1859c49ba7d,current_file_verified_against_record,,
/home/shanjinshuo/fno_kerr/kerr_project/outputs/benchmark_track_a_v1/phase_i_wave2_resnet_20260912/eval_t1200/prediction_t3598.npz,outputs/benchmark_track_a_v1/phase_i_wave2_resnet_20260912/eval_t1200/prediction_t3598.npz,track_a,final_prediction,MUST_UPLOAD,primary_package,15700306,15704064,ZIP_CRC_OK,03_track_a_benchmark/phase_i_wave2_resnet_20260912/eval_t1200/prediction_t3598.npz,ac3e7a531d60138c09452bb46279decb99300dec057b0971879287938a8697f9,current_file_verified_against_record,,
/home/shanjinshuo/fno_kerr/kerr_project/outputs/benchmark_track_a_v1/phase_i_wave2_resnet_20260912/eval_t1200/prediction_t4797.npz,outputs/benchmark_track_a_v1/phase_i_wave2_resnet_20260912/eval_t1200/prediction_t4797.npz,track_a,final_prediction,MUST_UPLOAD,primary_package,20806854,20807680,ZIP_CRC_OK,03_track_a_benchmark/phase_i_wave2_resnet_20260912/eval_t1200/prediction_t4797.npz,93edc3be3e92c467a64432d074b8dc55c79161f60098407abaab6123e9ca45fd,current_file_verified_against_record,,
/home/shanjinshuo/fno_kerr/kerr_project/outputs/benchmark_track_a_v1/phase_i_wave2_resnet_20260912/eval_t2399/matrix.json,outputs/benchmark_track_a_v1/phase_i_wave2_resnet_20260912/eval_t2399/matrix.json,track_a,metrics_metadata,MUST_UPLOAD,primary_package,403060,405504,JSON_READABLE,03_track_a_benchmark/phase_i_wave2_resnet_20260912/eval_t2399/matrix.json,c65b78b36efe68e74430f87bbb7a5a548a4a6fbd5e71622b551e1c2ae96f100d,current_file_verified_against_record,,
/home/shanjinshuo/fno_kerr/kerr_project/outputs/benchmark_track_a_v1/phase_i_wave2_resnet_20260912/eval_t2399/metrics_t1200.json,outputs/benchmark_track_a_v1/phase_i_wave2_resnet_20260912/eval_t2399/metrics_t1200.json,track_a,metrics_metadata,MUST_UPLOAD,primary_package,86273,90112,JSON_READABLE,03_track_a_benchmark/phase_i_wave2_resnet_20260912/eval_t2399/metrics_t1200.json,3cb60b7be8c30fc7224f380f84e84c474f83561686824fa6548e50869200f635,current_file_verified_against_record,,
/home/shanjinshuo/fno_kerr/kerr_project/outputs/benchmark_track_a_v1/phase_i_wave2_resnet_20260912/eval_t2399/metrics_t2399.json,outputs/benchmark_track_a_v1/phase_i_wave2_resnet_20260912/eval_t2399/metrics_t2399.json,track_a,metrics_metadata,MUST_UPLOAD,primary_package,86306,90112,JSON_READABLE,03_track_a_benchmark/phase_i_wave2_resnet_20260912/eval_t2399/metrics_t2399.json,b2eed8bef4496c46fa33598e4668c85d57c5ced917cebe3250ae3320b4ed4d22,current_file_verified_against_record,,
/home/shanjinshuo/fno_kerr/kerr_project/outputs/benchmark_track_a_v1/phase_i_wave2_resnet_20260912/eval_t2399/metrics_t3598.json,outputs/benchmark_track_a_v1/phase_i_wave2_resnet_20260912/eval_t2399/metrics_t3598.json,track_a,metrics_metadata,MUST_UPLOAD,primary_package,86284,90112,JSON_READABLE,03_track_a_benchmark/phase_i_wave2_resnet_20260912/eval_t2399/metrics_t3598.json,043f2bcf1d6aaaa282e35b5d0ab3c1c5510de936193acce4be91a1aaf380a772,current_file_verified_against_record,,
/home/shanjinshuo/fno_kerr/kerr_project/outputs/benchmark_track_a_v1/phase_i_wave2_resnet_20260912/eval_t2399/metrics_t4797.json,outputs/benchmark_track_a_v1/phase_i_wave2_resnet_20260912/eval_t2399/metrics_t4797.json,track_a,metrics_metadata,MUST_UPLOAD,primary_package,86296,90112,JSON_READABLE,03_track_a_benchmark/phase_i_wave2_resnet_20260912/eval_t2399/metrics_t4797.json,d877f548195589e1c98b117b039424a620d52ee6581d42ce72a62d780c80e194,current_file_verified_against_record,,
/home/shanjinshuo/fno_kerr/kerr_project/outputs/benchmark_track_a_v1/phase_i_wave2_resnet_20260912/eval_t2399/prediction_t1200.npz,outputs/benchmark_track_a_v1/phase_i_wave2_resnet_20260912/eval_t2399/prediction_t1200.npz,track_a,final_prediction,MUST_UPLOAD,primary_package,5345451,5349376,ZIP_CRC_OK,03_track_a_benchmark/phase_i_wave2_resnet_20260912/eval_t2399/prediction_t1200.npz,43350b3c76737f949525c9304666a0506dc380ed3d4f9cb2ecb1ace1c53a7c59,current_file_verified_against_record,,
/home/shanjinshuo/fno_kerr/kerr_project/outputs/benchmark_track_a_v1/phase_i_wave2_resnet_20260912/eval_t2399/prediction_t2399.npz,outputs/benchmark_track_a_v1/phase_i_wave2_resnet_20260912/eval_t2399/prediction_t2399.npz,track_a,final_prediction,MUST_UPLOAD,primary_package,10631245,10633216,ZIP_CRC_OK,03_track_a_benchmark/phase_i_wave2_resnet_20260912/eval_t2399/prediction_t2399.npz,28d2f19cffc1874c4013f667355fc4273d4788c772bf6f8fdd3c615ca890560b,current_file_verified_against_record,,
/home/shanjinshuo/fno_kerr/kerr_project/outputs/benchmark_track_a_v1/phase_i_wave2_resnet_20260912/eval_t2399/prediction_t3598.npz,outputs/benchmark_track_a_v1/phase_i_wave2_resnet_20260912/eval_t2399/prediction_t3598.npz,track_a,final_prediction,MUST_UPLOAD,primary_package,15891262,15892480,ZIP_CRC_OK,03_track_a_benchmark/phase_i_wave2_resnet_20260912/eval_t2399/prediction_t3598.npz,767d8e054dad3a700a63f4da11470d094d1c2ceeecc87adf411816022488c3ce,current_file_verified_against_record,,
/home/shanjinshuo/fno_kerr/kerr_project/outputs/benchmark_track_a_v1/phase_i_wave2_resnet_20260912/eval_t2399/prediction_t4797.npz,outputs/benchmark_track_a_v1/phase_i_wave2_resnet_20260912/eval_t2399/prediction_t4797.npz,track_a,final_prediction,MUST_UPLOAD,primary_package,21125331,21127168,ZIP_CRC_OK,03_track_a_benchmark/phase_i_wave2_resnet_20260912/eval_t2399/prediction_t4797.npz,bbb9d115fc1bd1080676d90e3a29177f5aea60222c92cd35d1c6b032cd034985,current_file_verified_against_record,,
/home/shanjinshuo/fno_kerr/kerr_project/outputs/benchmark_track_a_v1/phase_i_wave2_resnet_20260912/evaluate_t1200.log,outputs/benchmark_track_a_v1/phase_i_wave2_resnet_20260912/evaluate_t1200.log,track_a,runtime_log,DO_NOT_UPLOAD,retain_on_server,403065,405504,EXISTS,,8a9d5cfe27ac1c2d15c4c00cd50469836a7e888646d0dd5c685d0e7e9d48680d,current_file_verified_against_record,outputs/benchmark_track_a_v1/phase_i_wave2_resnet_20260912/eval_t1200/matrix.json,
/home/shanjinshuo/fno_kerr/kerr_project/outputs/benchmark_track_a_v1/phase_i_wave2_resnet_20260912/evaluate_t1200_exit.json,outputs/benchmark_track_a_v1/phase_i_wave2_resnet_20260912/evaluate_t1200_exit.json,track_a,provenance_summary,RECOMMENDED_UPLOAD,optional_package,122,4096,JSON_READABLE,03_track_a_benchmark/phase_i_wave2_resnet_20260912/evaluate_t1200_exit.json,696be6fd0d8ce3eba486476364fd1cc99fcc7b45cf1ac1aefe6caf170630ae47,current_file_verified_against_record,,
/home/shanjinshuo/fno_kerr/kerr_project/outputs/benchmark_track_a_v1/phase_i_wave2_resnet_20260912/evaluate_t1200_start.json,outputs/benchmark_track_a_v1/phase_i_wave2_resnet_20260912/evaluate_t1200_start.json,track_a,provenance_summary,RECOMMENDED_UPLOAD,optional_package,104,4096,JSON_READABLE,03_track_a_benchmark/phase_i_wave2_resnet_20260912/evaluate_t1200_start.json,b637f20995918b66f6a783971955e6d3641bc2aabae915bcf16a3ff12fc77445,current_file_verified_against_record,,
/home/shanjinshuo/fno_kerr/kerr_project/outputs/benchmark_track_a_v1/phase_i_wave2_resnet_20260912/evaluate_t2399.log,outputs/benchmark_track_a_v1/phase_i_wave2_resnet_20260912/evaluate_t2399.log,track_a,runtime_log,DO_NOT_UPLOAD,retain_on_server,403060,405504,EXISTS,,c65b78b36efe68e74430f87bbb7a5a548a4a6fbd5e71622b551e1c2ae96f100d,current_file_verified_against_record,outputs/benchmark_track_a_v1/phase_i_wave2_resnet_20260912/eval_t2399/matrix.json,
/home/shanjinshuo/fno_kerr/kerr_project/outputs/benchmark_track_a_v1/phase_i_wave2_resnet_20260912/evaluate_t2399_exit.json,outputs/benchmark_track_a_v1/phase_i_wave2_resnet_20260912/evaluate_t2399_exit.json,track_a,provenance_summary,RECOMMENDED_UPLOAD,optional_package,122,4096,JSON_READABLE,03_track_a_benchmark/phase_i_wave2_resnet_20260912/evaluate_t2399_exit.json,34a2a61882fd59a2cc5c545d142cdde10bffe46cc8ffa5a3cc34fc8b8d6d7009,current_file_verified_against_record,,
/home/shanjinshuo/fno_kerr/kerr_project/outputs/benchmark_track_a_v1/phase_i_wave2_resnet_20260912/evaluate_t2399_start.json,outputs/benchmark_track_a_v1/phase_i_wave2_resnet_20260912/evaluate_t2399_start.json,track_a,provenance_summary,RECOMMENDED_UPLOAD,optional_package,104,4096,JSON_READABLE,03_track_a_benchmark/phase_i_wave2_resnet_20260912/evaluate_t2399_start.json,a103cf760fc7d0b7a90dcb15dae17af206f58bf28ea6454f97efab7f8a8e6a71,current_file_verified_against_record,,
/home/shanjinshuo/fno_kerr/kerr_project/outputs/benchmark_track_a_v1/phase_i_wave2_resnet_20260912/train_t1200/best_model.pt,outputs/benchmark_track_a_v1/phase_i_wave2_resnet_20260912/train_t1200/best_model.pt,track_a,best_checkpoint,RECOMMENDED_UPLOAD,optional_package,4405440,4407296,ZIP_CRC_OK,04_best_checkpoints/track_a/phase_i_wave2_resnet_20260912/train_t1200/best_model.pt,aeee49cf033a304e2fd07a8ef5e45297cbc634d6904cf00787af7c1410f83270,current_file_verified_against_record,,
/home/shanjinshuo/fno_kerr/kerr_project/outputs/benchmark_track_a_v1/phase_i_wave2_resnet_20260912/train_t1200/epoch_0025.pt,outputs/benchmark_track_a_v1/phase_i_wave2_resnet_20260912/train_t1200/epoch_0025.pt,track_a,intermediate_checkpoint,DO_NOT_UPLOAD,retain_on_server,17634746,17637376,EXISTS,,fd81c04d9a73c9b5edd6f85c40ae92d773861136de07c4744edefc130362cd2a,previously_recorded_not_rehashed,,
/home/shanjinshuo/fno_kerr/kerr_project/outputs/benchmark_track_a_v1/phase_i_wave2_resnet_20260912/train_t1200/epoch_0050.pt,outputs/benchmark_track_a_v1/phase_i_wave2_resnet_20260912/train_t1200/epoch_0050.pt,track_a,intermediate_checkpoint,DO_NOT_UPLOAD,retain_on_server,17635898,17637376,EXISTS,,bf2163bbfa512dfa0b6d184b4eff3e160aa426ea96b9d5f3a2eb8e7c38d4bf58,previously_recorded_not_rehashed,,
/home/shanjinshuo/fno_kerr/kerr_project/outputs/benchmark_track_a_v1/phase_i_wave2_resnet_20260912/train_t1200/epoch_0075.pt,outputs/benchmark_track_a_v1/phase_i_wave2_resnet_20260912/train_t1200/epoch_0075.pt,track_a,intermediate_checkpoint,DO_NOT_UPLOAD,retain_on_server,17636986,17637376,EXISTS,,bfba433c30061ca76b5f4ee384f7e8d978dbf1d7089fd3130535254e6ba671bd,previously_recorded_not_rehashed,,
/home/shanjinshuo/fno_kerr/kerr_project/outputs/benchmark_track_a_v1/phase_i_wave2_resnet_20260912/train_t1200/epoch_0100.pt,outputs/benchmark_track_a_v1/phase_i_wave2_resnet_20260912/train_t1200/epoch_0100.pt,track_a,intermediate_checkpoint,DO_NOT_UPLOAD,retain_on_server,17641466,17641472,EXISTS,,01f8e0dc937e247f6f251aee58eba6ecca3d61c3b52d757dbeffacee0bc94d4b,previously_recorded_not_rehashed,,
/home/shanjinshuo/fno_kerr/kerr_project/outputs/benchmark_track_a_v1/phase_i_wave2_resnet_20260912/train_t1200/epoch_0125.pt,outputs/benchmark_track_a_v1/phase_i_wave2_resnet_20260912/train_t1200/epoch_0125.pt,track_a,intermediate_checkpoint,DO_NOT_UPLOAD,retain_on_server,17642554,17645568,EXISTS,,237282c782865b05bb69e3b4d98aa8ca3ebfb9a9d223251d14533799b1362806,previously_recorded_not_rehashed,,
/home/shanjinshuo/fno_kerr/kerr_project/outputs/benchmark_track_a_v1/phase_i_wave2_resnet_20260912/train_t1200/epoch_0150.pt,outputs/benchmark_track_a_v1/phase_i_wave2_resnet_20260912/train_t1200/epoch_0150.pt,track_a,intermediate_checkpoint,DO_NOT_UPLOAD,retain_on_server,17643706,17645568,EXISTS,,d5baa72ecb10b514a751c9e32870964f0cc0d7d0784efdb01b991fa7c7a2af93,previously_recorded_not_rehashed,,
/home/shanjinshuo/fno_kerr/kerr_project/outputs/benchmark_track_a_v1/phase_i_wave2_resnet_20260912/train_t1200/epoch_0175.pt,outputs/benchmark_track_a_v1/phase_i_wave2_resnet_20260912/train_t1200/epoch_0175.pt,track_a,intermediate_checkpoint,DO_NOT_UPLOAD,retain_on_server,17644794,17645568,EXISTS,,001ab42834e067451e8f3e305b7ad559e801b793d178c77b4266ff9cc13594c1,previously_recorded_not_rehashed,,
/home/shanjinshuo/fno_kerr/kerr_project/outputs/benchmark_track_a_v1/phase_i_wave2_resnet_20260912/train_t1200/epoch_0200.pt,outputs/benchmark_track_a_v1/phase_i_wave2_resnet_20260912/train_t1200/epoch_0200.pt,track_a,intermediate_checkpoint,DO_NOT_UPLOAD,retain_on_server,17645946,17649664,EXISTS,,dc4ebf08363329e3c043cb03ef08706ed546493806026d7d91f5e2c4086067cb,previously_recorded_not_rehashed,,
/home/shanjinshuo/fno_kerr/kerr_project/outputs/benchmark_track_a_v1/phase_i_wave2_resnet_20260912/train_t1200/epoch_0225.pt,outputs/benchmark_track_a_v1/phase_i_wave2_resnet_20260912/train_t1200/epoch_0225.pt,track_a,intermediate_checkpoint,DO_NOT_UPLOAD,retain_on_server,17647098,17649664,EXISTS,,868dc6c1f67153a1937476cea7c58ef9ef6eaa7bcd3abccb91629be51d0ff368,previously_recorded_not_rehashed,,
/home/shanjinshuo/fno_kerr/kerr_project/outputs/benchmark_track_a_v1/phase_i_wave2_resnet_20260912/train_t1200/epoch_0250.pt,outputs/benchmark_track_a_v1/phase_i_wave2_resnet_20260912/train_t1200/epoch_0250.pt,track_a,intermediate_checkpoint,DO_NOT_UPLOAD,retain_on_server,17648186,17649664,EXISTS,,381c3604a146554209e60e5edcaaf4cd2f347b4e8e74753d472e7ceb25b14d6c,previously_recorded_not_rehashed,,
/home/shanjinshuo/fno_kerr/kerr_project/outputs/benchmark_track_a_v1/phase_i_wave2_resnet_20260912/train_t1200/epoch_0275.pt,outputs/benchmark_track_a_v1/phase_i_wave2_resnet_20260912/train_t1200/epoch_0275.pt,track_a,intermediate_checkpoint,DO_NOT_UPLOAD,retain_on_server,17649338,17649664,EXISTS,,682f1fefde92acbcb999adb86ef238cc1f7c63a8fbc520015df3ac6019281446,previously_recorded_not_rehashed,,
/home/shanjinshuo/fno_kerr/kerr_project/outputs/benchmark_track_a_v1/phase_i_wave2_resnet_20260912/train_t1200/epoch_0300.pt,outputs/benchmark_track_a_v1/phase_i_wave2_resnet_20260912/train_t1200/epoch_0300.pt,track_a,intermediate_checkpoint,DO_NOT_UPLOAD,retain_on_server,17650490,17653760,EXISTS,,e35d39b20645cd5f2a4ae684437423f00efc49f3d0861206677180d6725a37e4,previously_recorded_not_rehashed,,
/home/shanjinshuo/fno_kerr/kerr_project/outputs/benchmark_track_a_v1/phase_i_wave2_resnet_20260912/train_t1200/epoch_0325.pt,outputs/benchmark_track_a_v1/phase_i_wave2_resnet_20260912/train_t1200/epoch_0325.pt,track_a,intermediate_checkpoint,DO_NOT_UPLOAD,retain_on_server,17651642,17653760,EXISTS,,47e094785c0d25954ceb97a4d78209076df4c228a1262ff30e22cd66f01834ea,previously_recorded_not_rehashed,,
/home/shanjinshuo/fno_kerr/kerr_project/outputs/benchmark_track_a_v1/phase_i_wave2_resnet_20260912/train_t1200/epoch_0350.pt,outputs/benchmark_track_a_v1/phase_i_wave2_resnet_20260912/train_t1200/epoch_0350.pt,track_a,intermediate_checkpoint,DO_NOT_UPLOAD,retain_on_server,17652794,17653760,EXISTS,,31165dddfde865e42380ed670e0990fea5d45a2f829b9ebe6a3851b82324e560,previously_recorded_not_rehashed,,
/home/shanjinshuo/fno_kerr/kerr_project/outputs/benchmark_track_a_v1/phase_i_wave2_resnet_20260912/train_t1200/epoch_0375.pt,outputs/benchmark_track_a_v1/phase_i_wave2_resnet_20260912/train_t1200/epoch_0375.pt,track_a,intermediate_checkpoint,DO_NOT_UPLOAD,retain_on_server,17653946,17657856,EXISTS,,aeae7bcf89d8ca92316b225a88d8b61904691074381f3bb7a5bb4e096252ded2,previously_recorded_not_rehashed,,
/home/shanjinshuo/fno_kerr/kerr_project/outputs/benchmark_track_a_v1/phase_i_wave2_resnet_20260912/train_t1200/epoch_0400.pt,outputs/benchmark_track_a_v1/phase_i_wave2_resnet_20260912/train_t1200/epoch_0400.pt,track_a,intermediate_checkpoint,DO_NOT_UPLOAD,retain_on_server,17655098,17657856,EXISTS,,316b00eca47a0ef79714a57f20c9165cec5234a7404cbb7ace0b74108033189f,previously_recorded_not_rehashed,,
/home/shanjinshuo/fno_kerr/kerr_project/outputs/benchmark_track_a_v1/phase_i_wave2_resnet_20260912/train_t1200/epoch_0425.pt,outputs/benchmark_track_a_v1/phase_i_wave2_resnet_20260912/train_t1200/epoch_0425.pt,track_a,intermediate_checkpoint,DO_NOT_UPLOAD,retain_on_server,17656250,17657856,EXISTS,,1ca2b8e8a6e2039351d86e3170bae7218a14d762fe121487490714333baa2d62,previously_recorded_not_rehashed,,
/home/shanjinshuo/fno_kerr/kerr_project/outputs/benchmark_track_a_v1/phase_i_wave2_resnet_20260912/train_t1200/epoch_0450.pt,outputs/benchmark_track_a_v1/phase_i_wave2_resnet_20260912/train_t1200/epoch_0450.pt,track_a,intermediate_checkpoint,DO_NOT_UPLOAD,retain_on_server,17657402,17657856,EXISTS,,8471105d4690a0bfff1527511623cba47784c7998e997ddfd1bbc534677f3e06,previously_recorded_not_rehashed,,
/home/shanjinshuo/fno_kerr/kerr_project/outputs/benchmark_track_a_v1/phase_i_wave2_resnet_20260912/train_t1200/epoch_0475.pt,outputs/benchmark_track_a_v1/phase_i_wave2_resnet_20260912/train_t1200/epoch_0475.pt,track_a,intermediate_checkpoint,DO_NOT_UPLOAD,retain_on_server,17658554,17661952,EXISTS,,3e2687b44b97dca7c2cbcaf641405da961fe345fdadf703942b79c595818e520,previously_recorded_not_rehashed,,
/home/shanjinshuo/fno_kerr/kerr_project/outputs/benchmark_track_a_v1/phase_i_wave2_resnet_20260912/train_t1200/epoch_0500.pt,outputs/benchmark_track_a_v1/phase_i_wave2_resnet_20260912/train_t1200/epoch_0500.pt,track_a,intermediate_checkpoint,DO_NOT_UPLOAD,retain_on_server,17659706,17661952,EXISTS,,81b6e3dcea33d57d25fd4473d3e498cad0dc7e7f63c8d489c8e26ae857c4e9fb,previously_recorded_not_rehashed,,
/home/shanjinshuo/fno_kerr/kerr_project/outputs/benchmark_track_a_v1/phase_i_wave2_resnet_20260912/train_t1200/run.json,outputs/benchmark_track_a_v1/phase_i_wave2_resnet_20260912/train_t1200/run.json,track_a,provenance_summary,RECOMMENDED_UPLOAD,optional_package,5617,8192,JSON_READABLE,03_track_a_benchmark/phase_i_wave2_resnet_20260912/train_t1200/run.json,e9c1d9ee03b2cf4dacfd8ee638692ed92dd0cb17ed188addc0651d26048f9108,current_file_verified_against_record,,
/home/shanjinshuo/fno_kerr/kerr_project/outputs/benchmark_track_a_v1/phase_i_wave2_resnet_20260912/train_t1200/summary.json,outputs/benchmark_track_a_v1/phase_i_wave2_resnet_20260912/train_t1200/summary.json,track_a,provenance_summary,RECOMMENDED_UPLOAD,optional_package,100818,102400,JSON_READABLE,03_track_a_benchmark/phase_i_wave2_resnet_20260912/train_t1200/summary.json,3799c2b195700fb36515ffd5ab3901a94b6c53bb3fc68a43513d0f8968f7125d,current_file_verified_against_record,,
/home/shanjinshuo/fno_kerr/kerr_project/outputs/benchmark_track_a_v1/phase_i_wave2_resnet_20260912/train_t1200.log,outputs/benchmark_track_a_v1/phase_i_wave2_resnet_20260912/train_t1200.log,track_a,runtime_log,DO_NOT_UPLOAD,retain_on_server,95204,98304,EXISTS,,1a30c1fe38ad86675cf2df23539d5de14aaaa0daa3e5345cc41a3ea760982e48,current_file_verified_against_record,,
/home/shanjinshuo/fno_kerr/kerr_project/outputs/benchmark_track_a_v1/phase_i_wave2_resnet_20260912/train_t1200_exit.json,outputs/benchmark_track_a_v1/phase_i_wave2_resnet_20260912/train_t1200_exit.json,track_a,provenance_summary,RECOMMENDED_UPLOAD,optional_package,119,4096,JSON_READABLE,03_track_a_benchmark/phase_i_wave2_resnet_20260912/train_t1200_exit.json,f58d007024c44313d0a3bef1ecc558c6723ed48e760ab0e037315f6e533ce90e,current_file_verified_against_record,,
/home/shanjinshuo/fno_kerr/kerr_project/outputs/benchmark_track_a_v1/phase_i_wave2_resnet_20260912/train_t1200_start.json,outputs/benchmark_track_a_v1/phase_i_wave2_resnet_20260912/train_t1200_start.json,track_a,provenance_summary,RECOMMENDED_UPLOAD,optional_package,101,4096,JSON_READABLE,03_track_a_benchmark/phase_i_wave2_resnet_20260912/train_t1200_start.json,2240ce7370ccc6f2a229ff171bd4d844868588167752f81812b0252ed3452d5c,current_file_verified_against_record,,
/home/shanjinshuo/fno_kerr/kerr_project/outputs/benchmark_track_a_v1/phase_i_wave2_resnet_20260912/train_t2399/best_model.pt,outputs/benchmark_track_a_v1/phase_i_wave2_resnet_20260912/train_t2399/best_model.pt,track_a,best_checkpoint,RECOMMENDED_UPLOAD,optional_package,4405504,4407296,ZIP_CRC_OK,04_best_checkpoints/track_a/phase_i_wave2_resnet_20260912/train_t2399/best_model.pt,12e0cf0c8e8294652bf2a011d605aaf37dd3ff6d2024a196d00371f06007d712,current_file_verified_against_record,,
/home/shanjinshuo/fno_kerr/kerr_project/outputs/benchmark_track_a_v1/phase_i_wave2_resnet_20260912/train_t2399/epoch_0025.pt,outputs/benchmark_track_a_v1/phase_i_wave2_resnet_20260912/train_t2399/epoch_0025.pt,track_a,intermediate_checkpoint,DO_NOT_UPLOAD,retain_on_server,17634746,17637376,EXISTS,,57da15e60eda977a947d22ebc390443961ad6eb7106dd39ccc913152ce27c129,previously_recorded_not_rehashed,,
/home/shanjinshuo/fno_kerr/kerr_project/outputs/benchmark_track_a_v1/phase_i_wave2_resnet_20260912/train_t2399/epoch_0050.pt,outputs/benchmark_track_a_v1/phase_i_wave2_resnet_20260912/train_t2399/epoch_0050.pt,track_a,intermediate_checkpoint,DO_NOT_UPLOAD,retain_on_server,17635898,17637376,EXISTS,,58bc9d41183ac03bd85c05f51ee822e19745d1676f572e61fe76cfb90d15b692,previously_recorded_not_rehashed,,
/home/shanjinshuo/fno_kerr/kerr_project/outputs/benchmark_track_a_v1/phase_i_wave2_resnet_20260912/train_t2399/epoch_0075.pt,outputs/benchmark_track_a_v1/phase_i_wave2_resnet_20260912/train_t2399/epoch_0075.pt,track_a,intermediate_checkpoint,DO_NOT_UPLOAD,retain_on_server,17637050,17637376,EXISTS,,b28f0b6ce69b9a774acd0340e512d5482f7b7f6b673d2f7a69f7e3e6dda44e18,previously_recorded_not_rehashed,,
/home/shanjinshuo/fno_kerr/kerr_project/outputs/benchmark_track_a_v1/phase_i_wave2_resnet_20260912/train_t2399/epoch_0100.pt,outputs/benchmark_track_a_v1/phase_i_wave2_resnet_20260912/train_t2399/epoch_0100.pt,track_a,intermediate_checkpoint,DO_NOT_UPLOAD,retain_on_server,17641466,17641472,EXISTS,,2a76fc22a20b980ecf5d6e1717f92be8a0f0ae302aeee5d96b75f3e68213d103,previously_recorded_not_rehashed,,
/home/shanjinshuo/fno_kerr/kerr_project/outputs/benchmark_track_a_v1/phase_i_wave2_resnet_20260912/train_t2399/epoch_0125.pt,outputs/benchmark_track_a_v1/phase_i_wave2_resnet_20260912/train_t2399/epoch_0125.pt,track_a,intermediate_checkpoint,DO_NOT_UPLOAD,retain_on_server,17642618,17645568,EXISTS,,30a46ecf4ff2e9a86a79a4b82b624d941e57b7f068f374262f970afbd11c97b0,previously_recorded_not_rehashed,,
/home/shanjinshuo/fno_kerr/kerr_project/outputs/benchmark_track_a_v1/phase_i_wave2_resnet_20260912/train_t2399/epoch_0150.pt,outputs/benchmark_track_a_v1/phase_i_wave2_resnet_20260912/train_t2399/epoch_0150.pt,track_a,intermediate_checkpoint,DO_NOT_UPLOAD,retain_on_server,17643706,17645568,EXISTS,,707102ba72836eaa2f8fddf3ea25d31b60d36ffe7820d363370875486f2ccbbb,previously_recorded_not_rehashed,,
/home/shanjinshuo/fno_kerr/kerr_project/outputs/benchmark_track_a_v1/phase_i_wave2_resnet_20260912/train_t2399/epoch_0175.pt,outputs/benchmark_track_a_v1/phase_i_wave2_resnet_20260912/train_t2399/epoch_0175.pt,track_a,intermediate_checkpoint,DO_NOT_UPLOAD,retain_on_server,17644858,17645568,EXISTS,,29f019b5af1f322ca61111bab49a950d874003a5abeda68cd2a531e76f11661e,previously_recorded_not_rehashed,,
/home/shanjinshuo/fno_kerr/kerr_project/outputs/benchmark_track_a_v1/phase_i_wave2_resnet_20260912/train_t2399/epoch_0200.pt,outputs/benchmark_track_a_v1/phase_i_wave2_resnet_20260912/train_t2399/epoch_0200.pt,track_a,intermediate_checkpoint,DO_NOT_UPLOAD,retain_on_server,17645946,17649664,EXISTS,,53f74574e2c499577ae3191f31320a6de6cb377f15022c1cc36e28536745d42a,previously_recorded_not_rehashed,,
/home/shanjinshuo/fno_kerr/kerr_project/outputs/benchmark_track_a_v1/phase_i_wave2_resnet_20260912/train_t2399/epoch_0225.pt,outputs/benchmark_track_a_v1/phase_i_wave2_resnet_20260912/train_t2399/epoch_0225.pt,track_a,intermediate_checkpoint,DO_NOT_UPLOAD,retain_on_server,17647098,17649664,EXISTS,,af5262af18a7832c42715f5cc4e797f69299521885590bc8c74b48da75071ad4,previously_recorded_not_rehashed,,
/home/shanjinshuo/fno_kerr/kerr_project/outputs/benchmark_track_a_v1/phase_i_wave2_resnet_20260912/train_t2399/epoch_0250.pt,outputs/benchmark_track_a_v1/phase_i_wave2_resnet_20260912/train_t2399/epoch_0250.pt,track_a,intermediate_checkpoint,DO_NOT_UPLOAD,retain_on_server,17648186,17649664,EXISTS,,66dd9d8c3e22390fec5974f16626a7711ee4818ce7e8829ebf11c01bf60ca51c,previously_recorded_not_rehashed,,
/home/shanjinshuo/fno_kerr/kerr_project/outputs/benchmark_track_a_v1/phase_i_wave2_resnet_20260912/train_t2399/epoch_0275.pt,outputs/benchmark_track_a_v1/phase_i_wave2_resnet_20260912/train_t2399/epoch_0275.pt,track_a,intermediate_checkpoint,DO_NOT_UPLOAD,retain_on_server,17649338,17649664,EXISTS,,f9f29f9ce444626bc8b2e7330cd4a50732b3d667aa06ccfc1f89753cc7d35065,previously_recorded_not_rehashed,,
/home/shanjinshuo/fno_kerr/kerr_project/outputs/benchmark_track_a_v1/phase_i_wave2_resnet_20260912/train_t2399/epoch_0300.pt,outputs/benchmark_track_a_v1/phase_i_wave2_resnet_20260912/train_t2399/epoch_0300.pt,track_a,intermediate_checkpoint,DO_NOT_UPLOAD,retain_on_server,17650490,17653760,EXISTS,,628b5bc37184909cef9d627215122cb81695ee6175e39c43ca852ba00355628e,previously_recorded_not_rehashed,,
/home/shanjinshuo/fno_kerr/kerr_project/outputs/benchmark_track_a_v1/phase_i_wave2_resnet_20260912/train_t2399/epoch_0325.pt,outputs/benchmark_track_a_v1/phase_i_wave2_resnet_20260912/train_t2399/epoch_0325.pt,track_a,intermediate_checkpoint,DO_NOT_UPLOAD,retain_on_server,17651642,17653760,EXISTS,,64e5916119d122efc730bea8afc229ca9a23337b2f7871c562111c55c19900ce,previously_recorded_not_rehashed,,
/home/shanjinshuo/fno_kerr/kerr_project/outputs/benchmark_track_a_v1/phase_i_wave2_resnet_20260912/train_t2399/epoch_0350.pt,outputs/benchmark_track_a_v1/phase_i_wave2_resnet_20260912/train_t2399/epoch_0350.pt,track_a,intermediate_checkpoint,DO_NOT_UPLOAD,retain_on_server,17652794,17653760,EXISTS,,1600aec2d7bc48305da353ed78d985aaa84fafce85c5e367e06aa735c6cca9c1,previously_recorded_not_rehashed,,
/home/shanjinshuo/fno_kerr/kerr_project/outputs/benchmark_track_a_v1/phase_i_wave2_resnet_20260912/train_t2399/epoch_0375.pt,outputs/benchmark_track_a_v1/phase_i_wave2_resnet_20260912/train_t2399/epoch_0375.pt,track_a,intermediate_checkpoint,DO_NOT_UPLOAD,retain_on_server,17653946,17657856,EXISTS,,40f944e9cfa601bcee7035ade9a2cda8c76d4ce3dfd301b8d89e65248f6ac4ba,previously_recorded_not_rehashed,,
/home/shanjinshuo/fno_kerr/kerr_project/outputs/benchmark_track_a_v1/phase_i_wave2_resnet_20260912/train_t2399/epoch_0400.pt,outputs/benchmark_track_a_v1/phase_i_wave2_resnet_20260912/train_t2399/epoch_0400.pt,track_a,intermediate_checkpoint,DO_NOT_UPLOAD,retain_on_server,17655098,17657856,EXISTS,,e1154c45d33bd67d954128603f84488411f4d16c73f97a75f9545410c728e3e7,previously_recorded_not_rehashed,,
/home/shanjinshuo/fno_kerr/kerr_project/outputs/benchmark_track_a_v1/phase_i_wave2_resnet_20260912/train_t2399/epoch_0425.pt,outputs/benchmark_track_a_v1/phase_i_wave2_resnet_20260912/train_t2399/epoch_0425.pt,track_a,intermediate_checkpoint,DO_NOT_UPLOAD,retain_on_server,17656250,17657856,EXISTS,,ff811e58ee62e0d6bc3cc6cd6f181352345059afd54f4f9d4a9206820712560b,previously_recorded_not_rehashed,,
/home/shanjinshuo/fno_kerr/kerr_project/outputs/benchmark_track_a_v1/phase_i_wave2_resnet_20260912/train_t2399/epoch_0450.pt,outputs/benchmark_track_a_v1/phase_i_wave2_resnet_20260912/train_t2399/epoch_0450.pt,track_a,intermediate_checkpoint,DO_NOT_UPLOAD,retain_on_server,17657402,17657856,EXISTS,,359a3f75362f5549aeff9c753080de29882c3b8a34e6f2eb8ea7633890230f14,previously_recorded_not_rehashed,,
/home/shanjinshuo/fno_kerr/kerr_project/outputs/benchmark_track_a_v1/phase_i_wave2_resnet_20260912/train_t2399/epoch_0475.pt,outputs/benchmark_track_a_v1/phase_i_wave2_resnet_20260912/train_t2399/epoch_0475.pt,track_a,intermediate_checkpoint,DO_NOT_UPLOAD,retain_on_server,17658554,17661952,EXISTS,,7e7ec898aa09a1dc1b7f415175ab3dafc9d8e1a55180459d5116e929c1c62483,previously_recorded_not_rehashed,,
/home/shanjinshuo/fno_kerr/kerr_project/outputs/benchmark_track_a_v1/phase_i_wave2_resnet_20260912/train_t2399/epoch_0500.pt,outputs/benchmark_track_a_v1/phase_i_wave2_resnet_20260912/train_t2399/epoch_0500.pt,track_a,intermediate_checkpoint,DO_NOT_UPLOAD,retain_on_server,17659706,17661952,EXISTS,,540fa6ab91937b10852498a5bc43158603b740c787ecf06e6c416e213dd5b53e,previously_recorded_not_rehashed,,
/home/shanjinshuo/fno_kerr/kerr_project/outputs/benchmark_track_a_v1/phase_i_wave2_resnet_20260912/train_t2399/run.json,outputs/benchmark_track_a_v1/phase_i_wave2_resnet_20260912/train_t2399/run.json,track_a,provenance_summary,RECOMMENDED_UPLOAD,optional_package,5635,8192,JSON_READABLE,03_track_a_benchmark/phase_i_wave2_resnet_20260912/train_t2399/run.json,54b3875def3ca5e773d104f78a767b3ad7bfd920e71e3fcac80c6bd47e1d8ad1,current_file_verified_against_record,,
/home/shanjinshuo/fno_kerr/kerr_project/outputs/benchmark_track_a_v1/phase_i_wave2_resnet_20260912/train_t2399/summary.json,outputs/benchmark_track_a_v1/phase_i_wave2_resnet_20260912/train_t2399/summary.json,track_a,provenance_summary,RECOMMENDED_UPLOAD,optional_package,100759,102400,JSON_READABLE,03_track_a_benchmark/phase_i_wave2_resnet_20260912/train_t2399/summary.json,5151987b121a1c5a53ef871bd6647f52aad5cacada4ca0307ddf9dba71a80f27,current_file_verified_against_record,,
/home/shanjinshuo/fno_kerr/kerr_project/outputs/benchmark_track_a_v1/phase_i_wave2_resnet_20260912/train_t2399.log,outputs/benchmark_track_a_v1/phase_i_wave2_resnet_20260912/train_t2399.log,track_a,runtime_log,DO_NOT_UPLOAD,retain_on_server,95127,98304,EXISTS,,fb752e88d24ed8a09a8f645303e2062f7bac82f40299d1b48b4443af218f818d,current_file_verified_against_record,,
/home/shanjinshuo/fno_kerr/kerr_project/outputs/benchmark_track_a_v1/phase_i_wave2_resnet_20260912/train_t2399_exit.json,outputs/benchmark_track_a_v1/phase_i_wave2_resnet_20260912/train_t2399_exit.json,track_a,provenance_summary,RECOMMENDED_UPLOAD,optional_package,119,4096,JSON_READABLE,03_track_a_benchmark/phase_i_wave2_resnet_20260912/train_t2399_exit.json,3b150bd88e07d076b8cf66b3ff09f60316be6ccb4e6dddc6c33ea008ed694f95,current_file_verified_against_record,,
/home/shanjinshuo/fno_kerr/kerr_project/outputs/benchmark_track_a_v1/phase_i_wave2_resnet_20260912/train_t2399_start.json,outputs/benchmark_track_a_v1/phase_i_wave2_resnet_20260912/train_t2399_start.json,track_a,provenance_summary,RECOMMENDED_UPLOAD,optional_package,101,4096,JSON_READABLE,03_track_a_benchmark/phase_i_wave2_resnet_20260912/train_t2399_start.json,30c47d54340db5272aa1593d98767722517353e4b6df453457780da63eed8b06,current_file_verified_against_record,,
/home/shanjinshuo/fno_kerr/kerr_project/outputs/benchmark_track_a_v1/phase_i_wave2_resnet_20260912/wave_execution.json,outputs/benchmark_track_a_v1/phase_i_wave2_resnet_20260912/wave_execution.json,track_a,provenance_summary,RECOMMENDED_UPLOAD,optional_package,8105,8192,JSON_READABLE,03_track_a_benchmark/phase_i_wave2_resnet_20260912/wave_execution.json,1a005285d810023e7128288ba748b90e5cb40cbc9ea9be5f9ee49d68364553c8,current_file_verified_against_record,,
/home/shanjinshuo/fno_kerr/kerr_project/outputs/benchmark_track_a_v1/phase_i_wave3_timesnet_20260913/eval_t1200/matrix.json,outputs/benchmark_track_a_v1/phase_i_wave3_timesnet_20260913/eval_t1200/matrix.json,track_a,metrics_metadata,MUST_UPLOAD,primary_package,403125,405504,JSON_READABLE,03_track_a_benchmark/phase_i_wave3_timesnet_20260913/eval_t1200/matrix.json,f95fe895ef92efcf6b42317df92a53c141a869953c0b73c2e384feda5d1f4144,current_file_verified_against_record,,
/home/shanjinshuo/fno_kerr/kerr_project/outputs/benchmark_track_a_v1/phase_i_wave3_timesnet_20260913/eval_t1200/metrics_t1200.json,outputs/benchmark_track_a_v1/phase_i_wave3_timesnet_20260913/eval_t1200/metrics_t1200.json,track_a,metrics_metadata,MUST_UPLOAD,primary_package,86292,90112,JSON_READABLE,03_track_a_benchmark/phase_i_wave3_timesnet_20260913/eval_t1200/metrics_t1200.json,576c37e50b69575d9c5e9456177d526b3c316e6f5c7fb8f1a99d755bcd345079,current_file_verified_against_record,,
/home/shanjinshuo/fno_kerr/kerr_project/outputs/benchmark_track_a_v1/phase_i_wave3_timesnet_20260913/eval_t1200/metrics_t2399.json,outputs/benchmark_track_a_v1/phase_i_wave3_timesnet_20260913/eval_t1200/metrics_t2399.json,track_a,metrics_metadata,MUST_UPLOAD,primary_package,86304,90112,JSON_READABLE,03_track_a_benchmark/phase_i_wave3_timesnet_20260913/eval_t1200/metrics_t2399.json,d192789faf03e880a739c838f1f2707209aa5e4c1f964c39b4fad4b9b5954e97,current_file_verified_against_record,,
/home/shanjinshuo/fno_kerr/kerr_project/outputs/benchmark_track_a_v1/phase_i_wave3_timesnet_20260913/eval_t1200/metrics_t3598.json,outputs/benchmark_track_a_v1/phase_i_wave3_timesnet_20260913/eval_t1200/metrics_t3598.json,track_a,metrics_metadata,MUST_UPLOAD,primary_package,86308,90112,JSON_READABLE,03_track_a_benchmark/phase_i_wave3_timesnet_20260913/eval_t1200/metrics_t3598.json,61ada879c4f4f447e1abe1b8ecb19e0455272e700a16f00629910c0d136651d1,current_file_verified_against_record,,
/home/shanjinshuo/fno_kerr/kerr_project/outputs/benchmark_track_a_v1/phase_i_wave3_timesnet_20260913/eval_t1200/metrics_t4797.json,outputs/benchmark_track_a_v1/phase_i_wave3_timesnet_20260913/eval_t1200/metrics_t4797.json,track_a,metrics_metadata,MUST_UPLOAD,primary_package,86303,90112,JSON_READABLE,03_track_a_benchmark/phase_i_wave3_timesnet_20260913/eval_t1200/metrics_t4797.json,693d60f98448c426271fda4e668556aac2e2480e79216818c33e82c2d01065a9,current_file_verified_against_record,,
/home/shanjinshuo/fno_kerr/kerr_project/outputs/benchmark_track_a_v1/phase_i_wave3_timesnet_20260913/eval_t1200/prediction_t1200.npz,outputs/benchmark_track_a_v1/phase_i_wave3_timesnet_20260913/eval_t1200/prediction_t1200.npz,track_a,final_prediction,MUST_UPLOAD,primary_package,5325844,5328896,ZIP_CRC_OK,03_track_a_benchmark/phase_i_wave3_timesnet_20260913/eval_t1200/prediction_t1200.npz,8a61f347ee683e725858372aedee34ba1ea20d89e42d7c7df4272e270e9dd98a,current_file_verified_against_record,,
/home/shanjinshuo/fno_kerr/kerr_project/outputs/benchmark_track_a_v1/phase_i_wave3_timesnet_20260913/eval_t1200/prediction_t2399.npz,outputs/benchmark_track_a_v1/phase_i_wave3_timesnet_20260913/eval_t1200/prediction_t2399.npz,track_a,final_prediction,MUST_UPLOAD,primary_package,10629445,10633216,ZIP_CRC_OK,03_track_a_benchmark/phase_i_wave3_timesnet_20260913/eval_t1200/prediction_t2399.npz,e03f344b74c2a1cd55cbf48cfcda4b73fc0323d364a9ba2ac1aef4e022274e3d,current_file_verified_against_record,,
/home/shanjinshuo/fno_kerr/kerr_project/outputs/benchmark_track_a_v1/phase_i_wave3_timesnet_20260913/eval_t1200/prediction_t3598.npz,outputs/benchmark_track_a_v1/phase_i_wave3_timesnet_20260913/eval_t1200/prediction_t3598.npz,track_a,final_prediction,MUST_UPLOAD,primary_package,15916986,15917056,ZIP_CRC_OK,03_track_a_benchmark/phase_i_wave3_timesnet_20260913/eval_t1200/prediction_t3598.npz,2b06416a5f559d0f2f44ed0506c6ef38982521f93ef53016a2c0f3cea0319fff,current_file_verified_against_record,,
/home/shanjinshuo/fno_kerr/kerr_project/outputs/benchmark_track_a_v1/phase_i_wave3_timesnet_20260913/eval_t1200/prediction_t4797.npz,outputs/benchmark_track_a_v1/phase_i_wave3_timesnet_20260913/eval_t1200/prediction_t4797.npz,track_a,final_prediction,MUST_UPLOAD,primary_package,21183807,21184512,ZIP_CRC_OK,03_track_a_benchmark/phase_i_wave3_timesnet_20260913/eval_t1200/prediction_t4797.npz,6f0a2ae77d8729802db3ca349debdc83a2e1fff0a8d59f7f97892a9032feeda0,current_file_verified_against_record,,
/home/shanjinshuo/fno_kerr/kerr_project/outputs/benchmark_track_a_v1/phase_i_wave3_timesnet_20260913/eval_t2399/matrix.json,outputs/benchmark_track_a_v1/phase_i_wave3_timesnet_20260913/eval_t2399/matrix.json,track_a,metrics_metadata,MUST_UPLOAD,primary_package,403134,405504,JSON_READABLE,03_track_a_benchmark/phase_i_wave3_timesnet_20260913/eval_t2399/matrix.json,d3afa6eded5775a9df5b8352f0cb7cb8c2ae74a323207b4c8d2dd99e70590491,current_file_verified_against_record,,
/home/shanjinshuo/fno_kerr/kerr_project/outputs/benchmark_track_a_v1/phase_i_wave3_timesnet_20260913/eval_t2399/metrics_t1200.json,outputs/benchmark_track_a_v1/phase_i_wave3_timesnet_20260913/eval_t2399/metrics_t1200.json,track_a,metrics_metadata,MUST_UPLOAD,primary_package,86295,90112,JSON_READABLE,03_track_a_benchmark/phase_i_wave3_timesnet_20260913/eval_t2399/metrics_t1200.json,fae23bb8f69e3f36ff1c109b4a4f8ca106bd1db509ae680d6a569665174613c7,current_file_verified_against_record,,
/home/shanjinshuo/fno_kerr/kerr_project/outputs/benchmark_track_a_v1/phase_i_wave3_timesnet_20260913/eval_t2399/metrics_t2399.json,outputs/benchmark_track_a_v1/phase_i_wave3_timesnet_20260913/eval_t2399/metrics_t2399.json,track_a,metrics_metadata,MUST_UPLOAD,primary_package,86303,90112,JSON_READABLE,03_track_a_benchmark/phase_i_wave3_timesnet_20260913/eval_t2399/metrics_t2399.json,c09454eccb5748631404efaa286163fbc63c2b7bdddc83edb02a15bf46506081,current_file_verified_against_record,,
/home/shanjinshuo/fno_kerr/kerr_project/outputs/benchmark_track_a_v1/phase_i_wave3_timesnet_20260913/eval_t2399/metrics_t3598.json,outputs/benchmark_track_a_v1/phase_i_wave3_timesnet_20260913/eval_t2399/metrics_t3598.json,track_a,metrics_metadata,MUST_UPLOAD,primary_package,86310,90112,JSON_READABLE,03_track_a_benchmark/phase_i_wave3_timesnet_20260913/eval_t2399/metrics_t3598.json,6b0c10deb20e46937104699003cb090590ec563fd47083897d40a3363cff11e1,current_file_verified_against_record,,
/home/shanjinshuo/fno_kerr/kerr_project/outputs/benchmark_track_a_v1/phase_i_wave3_timesnet_20260913/eval_t2399/metrics_t4797.json,outputs/benchmark_track_a_v1/phase_i_wave3_timesnet_20260913/eval_t2399/metrics_t4797.json,track_a,metrics_metadata,MUST_UPLOAD,primary_package,86307,90112,JSON_READABLE,03_track_a_benchmark/phase_i_wave3_timesnet_20260913/eval_t2399/metrics_t4797.json,d94264e38e13332a9b818970ef2a0261f8e8a4631b9669cb05e0912292a06e4f,current_file_verified_against_record,,
/home/shanjinshuo/fno_kerr/kerr_project/outputs/benchmark_track_a_v1/phase_i_wave3_timesnet_20260913/eval_t2399/prediction_t1200.npz,outputs/benchmark_track_a_v1/phase_i_wave3_timesnet_20260913/eval_t2399/prediction_t1200.npz,track_a,final_prediction,MUST_UPLOAD,primary_package,5326060,5328896,ZIP_CRC_OK,03_track_a_benchmark/phase_i_wave3_timesnet_20260913/eval_t2399/prediction_t1200.npz,4371fb8bd59128ba48510ac1eb3426fa48c3bb3d98a57bea064b6a244b07483e,current_file_verified_against_record,,
/home/shanjinshuo/fno_kerr/kerr_project/outputs/benchmark_track_a_v1/phase_i_wave3_timesnet_20260913/eval_t2399/prediction_t2399.npz,outputs/benchmark_track_a_v1/phase_i_wave3_timesnet_20260913/eval_t2399/prediction_t2399.npz,track_a,final_prediction,MUST_UPLOAD,primary_package,10631658,10633216,ZIP_CRC_OK,03_track_a_benchmark/phase_i_wave3_timesnet_20260913/eval_t2399/prediction_t2399.npz,1a514622f94786b67a966b46ac5c9b8da45acc9f1ce6a13243b1cd9f0a111464,current_file_verified_against_record,,
/home/shanjinshuo/fno_kerr/kerr_project/outputs/benchmark_track_a_v1/phase_i_wave3_timesnet_20260913/eval_t2399/prediction_t3598.npz,outputs/benchmark_track_a_v1/phase_i_wave3_timesnet_20260913/eval_t2399/prediction_t3598.npz,track_a,final_prediction,MUST_UPLOAD,primary_package,15918840,15921152,ZIP_CRC_OK,03_track_a_benchmark/phase_i_wave3_timesnet_20260913/eval_t2399/prediction_t3598.npz,3ed0117153487578d2078312eec5fcabd3737536a0490fc59c1752c8945d04b6,current_file_verified_against_record,,
/home/shanjinshuo/fno_kerr/kerr_project/outputs/benchmark_track_a_v1/phase_i_wave3_timesnet_20260913/eval_t2399/prediction_t4797.npz,outputs/benchmark_track_a_v1/phase_i_wave3_timesnet_20260913/eval_t2399/prediction_t4797.npz,track_a,final_prediction,MUST_UPLOAD,primary_package,21187223,21188608,ZIP_CRC_OK,03_track_a_benchmark/phase_i_wave3_timesnet_20260913/eval_t2399/prediction_t4797.npz,d55b4674a4966528468d775f1b37723fd6a228462a35c896dfd089db33da452c,current_file_verified_against_record,,
/home/shanjinshuo/fno_kerr/kerr_project/outputs/benchmark_track_a_v1/phase_i_wave3_timesnet_20260913/evaluate_t1200.log,outputs/benchmark_track_a_v1/phase_i_wave3_timesnet_20260913/evaluate_t1200.log,track_a,runtime_log,DO_NOT_UPLOAD,retain_on_server,403125,405504,EXISTS,,f95fe895ef92efcf6b42317df92a53c141a869953c0b73c2e384feda5d1f4144,current_file_verified_against_record,outputs/benchmark_track_a_v1/phase_i_wave3_timesnet_20260913/eval_t1200/matrix.json,
/home/shanjinshuo/fno_kerr/kerr_project/outputs/benchmark_track_a_v1/phase_i_wave3_timesnet_20260913/evaluate_t1200_exit.json,outputs/benchmark_track_a_v1/phase_i_wave3_timesnet_20260913/evaluate_t1200_exit.json,track_a,provenance_summary,RECOMMENDED_UPLOAD,optional_package,118,4096,JSON_READABLE,03_track_a_benchmark/phase_i_wave3_timesnet_20260913/evaluate_t1200_exit.json,ac99ff0a428d69b5d63b0503d0af82463c3fce9b9fa19683b7672646d204ebca,current_file_verified_against_record,,
/home/shanjinshuo/fno_kerr/kerr_project/outputs/benchmark_track_a_v1/phase_i_wave3_timesnet_20260913/evaluate_t1200_start.json,outputs/benchmark_track_a_v1/phase_i_wave3_timesnet_20260913/evaluate_t1200_start.json,track_a,provenance_summary,RECOMMENDED_UPLOAD,optional_package,711,4096,JSON_READABLE,03_track_a_benchmark/phase_i_wave3_timesnet_20260913/evaluate_t1200_start.json,ef3a1674d683793324270778e9c2982048d8a6045333ee00e30ea2c935f193a6,current_file_verified_against_record,,
/home/shanjinshuo/fno_kerr/kerr_project/outputs/benchmark_track_a_v1/phase_i_wave3_timesnet_20260913/evaluate_t2399.log,outputs/benchmark_track_a_v1/phase_i_wave3_timesnet_20260913/evaluate_t2399.log,track_a,runtime_log,DO_NOT_UPLOAD,retain_on_server,403134,405504,EXISTS,,d3afa6eded5775a9df5b8352f0cb7cb8c2ae74a323207b4c8d2dd99e70590491,current_file_verified_against_record,outputs/benchmark_track_a_v1/phase_i_wave3_timesnet_20260913/eval_t2399/matrix.json,
/home/shanjinshuo/fno_kerr/kerr_project/outputs/benchmark_track_a_v1/phase_i_wave3_timesnet_20260913/evaluate_t2399_exit.json,outputs/benchmark_track_a_v1/phase_i_wave3_timesnet_20260913/evaluate_t2399_exit.json,track_a,provenance_summary,RECOMMENDED_UPLOAD,optional_package,118,4096,JSON_READABLE,03_track_a_benchmark/phase_i_wave3_timesnet_20260913/evaluate_t2399_exit.json,11d136830a97ce5f95a7179ba5393f09c60aee31d328b39d593bc2203da02186,current_file_verified_against_record,,
/home/shanjinshuo/fno_kerr/kerr_project/outputs/benchmark_track_a_v1/phase_i_wave3_timesnet_20260913/evaluate_t2399_start.json,outputs/benchmark_track_a_v1/phase_i_wave3_timesnet_20260913/evaluate_t2399_start.json,track_a,provenance_summary,RECOMMENDED_UPLOAD,optional_package,711,4096,JSON_READABLE,03_track_a_benchmark/phase_i_wave3_timesnet_20260913/evaluate_t2399_start.json,66fa29fc0e5fc3081d7a9f8b98a5438861fb983604f594a911b740fb9f520a84,current_file_verified_against_record,,
/home/shanjinshuo/fno_kerr/kerr_project/outputs/benchmark_track_a_v1/phase_i_wave3_timesnet_20260913/launch_t1200.json,outputs/benchmark_track_a_v1/phase_i_wave3_timesnet_20260913/launch_t1200.json,track_a,provenance_summary,RECOMMENDED_UPLOAD,optional_package,758,4096,JSON_READABLE,03_track_a_benchmark/phase_i_wave3_timesnet_20260913/launch_t1200.json,6b817e8fa8e2980e051a17eff1cdbbf0cd1c3659bf9649929fd5a1f65b7ca528,current_file_verified_against_record,,
/home/shanjinshuo/fno_kerr/kerr_project/outputs/benchmark_track_a_v1/phase_i_wave3_timesnet_20260913/launch_t2399.json,outputs/benchmark_track_a_v1/phase_i_wave3_timesnet_20260913/launch_t2399.json,track_a,provenance_summary,RECOMMENDED_UPLOAD,optional_package,758,4096,JSON_READABLE,03_track_a_benchmark/phase_i_wave3_timesnet_20260913/launch_t2399.json,c51843b349032f34d03c9045fbcf687f778e6fd4b2dd5a2aa22b16b2d0452cc8,current_file_verified_against_record,,
/home/shanjinshuo/fno_kerr/kerr_project/outputs/benchmark_track_a_v1/phase_i_wave3_timesnet_20260913/run_workflow.py,outputs/benchmark_track_a_v1/phase_i_wave3_timesnet_20260913/run_workflow.py,track_a,workflow_source,INDEX_ONLY,retain_on_server,2391,4096,EXISTS,,09f5c207a48ffc710693ef5488d1fe8a4212eb9dd27fd3adac7397f4b35becbe,current_file_verified_against_record,,
/home/shanjinshuo/fno_kerr/kerr_project/outputs/benchmark_track_a_v1/phase_i_wave3_timesnet_20260913/train_t1200/best_model.pt,outputs/benchmark_track_a_v1/phase_i_wave3_timesnet_20260913/train_t1200/best_model.pt,track_a,best_checkpoint,RECOMMENDED_UPLOAD,optional_package,4324406,4325376,ZIP_CRC_OK,04_best_checkpoints/track_a/phase_i_wave3_timesnet_20260913/train_t1200/best_model.pt,3b69a9408dc7f3a60b9746a26ecf8c53ba0f9a91bb21839ca793abd897a73ea4,current_file_verified_against_record,,
/home/shanjinshuo/fno_kerr/kerr_project/outputs/benchmark_track_a_v1/phase_i_wave3_timesnet_20260913/train_t1200/epoch_0025.pt,outputs/benchmark_track_a_v1/phase_i_wave3_timesnet_20260913/train_t1200/epoch_0025.pt,track_a,intermediate_checkpoint,DO_NOT_UPLOAD,retain_on_server,17303150,17305600,EXISTS,,227776809444ca5ac09905d2217f04c57345d92e04cad8b05959f6acc18777dd,previously_recorded_not_rehashed,,
/home/shanjinshuo/fno_kerr/kerr_project/outputs/benchmark_track_a_v1/phase_i_wave3_timesnet_20260913/train_t1200/epoch_0050.pt,outputs/benchmark_track_a_v1/phase_i_wave3_timesnet_20260913/train_t1200/epoch_0050.pt,track_a,intermediate_checkpoint,DO_NOT_UPLOAD,retain_on_server,17304238,17305600,EXISTS,,891cf19ef73924baeb372c675a7856943513d75440e0c7d88875ed15203aec7b,previously_recorded_not_rehashed,,
/home/shanjinshuo/fno_kerr/kerr_project/outputs/benchmark_track_a_v1/phase_i_wave3_timesnet_20260913/train_t1200/epoch_0075.pt,outputs/benchmark_track_a_v1/phase_i_wave3_timesnet_20260913/train_t1200/epoch_0075.pt,track_a,intermediate_checkpoint,DO_NOT_UPLOAD,retain_on_server,17305390,17305600,EXISTS,,f67c3f609d23308ad4b4a48d4b5f5a829299e6e5c861b916290006ac4bad10f1,previously_recorded_not_rehashed,,
/home/shanjinshuo/fno_kerr/kerr_project/outputs/benchmark_track_a_v1/phase_i_wave3_timesnet_20260913/train_t1200/epoch_0100.pt,outputs/benchmark_track_a_v1/phase_i_wave3_timesnet_20260913/train_t1200/epoch_0100.pt,track_a,intermediate_checkpoint,DO_NOT_UPLOAD,retain_on_server,17308590,17309696,EXISTS,,b439e888ae53db48eb05580a9f777974ed8799c049bd61082eb5b17da0d34533,previously_recorded_not_rehashed,,
/home/shanjinshuo/fno_kerr/kerr_project/outputs/benchmark_track_a_v1/phase_i_wave3_timesnet_20260913/train_t1200/epoch_0125.pt,outputs/benchmark_track_a_v1/phase_i_wave3_timesnet_20260913/train_t1200/epoch_0125.pt,track_a,intermediate_checkpoint,DO_NOT_UPLOAD,retain_on_server,17309742,17313792,EXISTS,,4fbf51456a5e6ad3ac1b75b1526ffd59ed91fea8193359098b1af015ceb5ad6f,previously_recorded_not_rehashed,,
/home/shanjinshuo/fno_kerr/kerr_project/outputs/benchmark_track_a_v1/phase_i_wave3_timesnet_20260913/train_t1200/epoch_0150.pt,outputs/benchmark_track_a_v1/phase_i_wave3_timesnet_20260913/train_t1200/epoch_0150.pt,track_a,intermediate_checkpoint,DO_NOT_UPLOAD,retain_on_server,17310894,17313792,EXISTS,,ca0d204e44ebc7169c84233ad59994f614707ba9df84c7eed2cd5d5ba3a674df,previously_recorded_not_rehashed,,
/home/shanjinshuo/fno_kerr/kerr_project/outputs/benchmark_track_a_v1/phase_i_wave3_timesnet_20260913/train_t1200/epoch_0175.pt,outputs/benchmark_track_a_v1/phase_i_wave3_timesnet_20260913/train_t1200/epoch_0175.pt,track_a,intermediate_checkpoint,DO_NOT_UPLOAD,retain_on_server,17311982,17313792,EXISTS,,459843320db4a89f4a82edcce4f5d75dbbd18675897dc57156b03520f4d22a95,previously_recorded_not_rehashed,,
/home/shanjinshuo/fno_kerr/kerr_project/outputs/benchmark_track_a_v1/phase_i_wave3_timesnet_20260913/train_t1200/epoch_0200.pt,outputs/benchmark_track_a_v1/phase_i_wave3_timesnet_20260913/train_t1200/epoch_0200.pt,track_a,intermediate_checkpoint,DO_NOT_UPLOAD,retain_on_server,17313134,17313792,EXISTS,,fd0372322aea28d99014a93bae025fef318d88c32b6ba367497060872a6ad61b,previously_recorded_not_rehashed,,
/home/shanjinshuo/fno_kerr/kerr_project/outputs/benchmark_track_a_v1/phase_i_wave3_timesnet_20260913/train_t1200/epoch_0225.pt,outputs/benchmark_track_a_v1/phase_i_wave3_timesnet_20260913/train_t1200/epoch_0225.pt,track_a,intermediate_checkpoint,DO_NOT_UPLOAD,retain_on_server,17314222,17317888,EXISTS,,3546ac35831ae3ab07b82e5c21b1d65b9f4faab650475c47bf96a8b660c29ff3,previously_recorded_not_rehashed,,
/home/shanjinshuo/fno_kerr/kerr_project/outputs/benchmark_track_a_v1/phase_i_wave3_timesnet_20260913/train_t1200/epoch_0250.pt,outputs/benchmark_track_a_v1/phase_i_wave3_timesnet_20260913/train_t1200/epoch_0250.pt,track_a,intermediate_checkpoint,DO_NOT_UPLOAD,retain_on_server,17315374,17317888,EXISTS,,03f2f11ee39a97230144f30b1bd2dbae322c9b611b5d2d80521fa9283aed3189,previously_recorded_not_rehashed,,
/home/shanjinshuo/fno_kerr/kerr_project/outputs/benchmark_track_a_v1/phase_i_wave3_timesnet_20260913/train_t1200/epoch_0275.pt,outputs/benchmark_track_a_v1/phase_i_wave3_timesnet_20260913/train_t1200/epoch_0275.pt,track_a,intermediate_checkpoint,DO_NOT_UPLOAD,retain_on_server,17316526,17317888,EXISTS,,c91b2a9685e35c21bc27a5f2f0f4f7adfb844ad970f4c589399c282295a88ec4,previously_recorded_not_rehashed,,
/home/shanjinshuo/fno_kerr/kerr_project/outputs/benchmark_track_a_v1/phase_i_wave3_timesnet_20260913/train_t1200/epoch_0300.pt,outputs/benchmark_track_a_v1/phase_i_wave3_timesnet_20260913/train_t1200/epoch_0300.pt,track_a,intermediate_checkpoint,DO_NOT_UPLOAD,retain_on_server,17317678,17317888,EXISTS,,273d29d79a6f7ccb17e90d6b1fd839fadca9c99b2e444b47379f0e602eb9decd,previously_recorded_not_rehashed,,
/home/shanjinshuo/fno_kerr/kerr_project/outputs/benchmark_track_a_v1/phase_i_wave3_timesnet_20260913/train_t1200/epoch_0325.pt,outputs/benchmark_track_a_v1/phase_i_wave3_timesnet_20260913/train_t1200/epoch_0325.pt,track_a,intermediate_checkpoint,DO_NOT_UPLOAD,retain_on_server,17318830,17321984,EXISTS,,ca82ae7b82d3a3bcbdeead20e71a18c34ce75fc44e0801c719edf440ac09983d,previously_recorded_not_rehashed,,
/home/shanjinshuo/fno_kerr/kerr_project/outputs/benchmark_track_a_v1/phase_i_wave3_timesnet_20260913/train_t1200/epoch_0350.pt,outputs/benchmark_track_a_v1/phase_i_wave3_timesnet_20260913/train_t1200/epoch_0350.pt,track_a,intermediate_checkpoint,DO_NOT_UPLOAD,retain_on_server,17319982,17321984,EXISTS,,f593d3e82928e7226c7d59328696730d2ba027d2d607e71ca3fc23075355db62,previously_recorded_not_rehashed,,
/home/shanjinshuo/fno_kerr/kerr_project/outputs/benchmark_track_a_v1/phase_i_wave3_timesnet_20260913/train_t1200/epoch_0375.pt,outputs/benchmark_track_a_v1/phase_i_wave3_timesnet_20260913/train_t1200/epoch_0375.pt,track_a,intermediate_checkpoint,DO_NOT_UPLOAD,retain_on_server,17321134,17321984,EXISTS,,d6a9b486f2214989d8a1c5bb91b280e2499e80e2d1721492122401205f2fc538,previously_recorded_not_rehashed,,
/home/shanjinshuo/fno_kerr/kerr_project/outputs/benchmark_track_a_v1/phase_i_wave3_timesnet_20260913/train_t1200/epoch_0400.pt,outputs/benchmark_track_a_v1/phase_i_wave3_timesnet_20260913/train_t1200/epoch_0400.pt,track_a,intermediate_checkpoint,DO_NOT_UPLOAD,retain_on_server,17322286,17326080,EXISTS,,a3ba3878dfc7cc4d82272c7efaaa7d2f9ffd2ec74dc2fa71a81dc34b2e18cee9,previously_recorded_not_rehashed,,
/home/shanjinshuo/fno_kerr/kerr_project/outputs/benchmark_track_a_v1/phase_i_wave3_timesnet_20260913/train_t1200/epoch_0425.pt,outputs/benchmark_track_a_v1/phase_i_wave3_timesnet_20260913/train_t1200/epoch_0425.pt,track_a,intermediate_checkpoint,DO_NOT_UPLOAD,retain_on_server,17323438,17326080,EXISTS,,a28a65ebed9ce655305b898a494d22de380c5ed0d436937f91e4762fca05349f,previously_recorded_not_rehashed,,
/home/shanjinshuo/fno_kerr/kerr_project/outputs/benchmark_track_a_v1/phase_i_wave3_timesnet_20260913/train_t1200/epoch_0450.pt,outputs/benchmark_track_a_v1/phase_i_wave3_timesnet_20260913/train_t1200/epoch_0450.pt,track_a,intermediate_checkpoint,DO_NOT_UPLOAD,retain_on_server,17324590,17326080,EXISTS,,e4827adbfeb1b8d3053ebf8e26858bbb22779a8c9efffc842f6ddbbcda474746,previously_recorded_not_rehashed,,
/home/shanjinshuo/fno_kerr/kerr_project/outputs/benchmark_track_a_v1/phase_i_wave3_timesnet_20260913/train_t1200/epoch_0475.pt,outputs/benchmark_track_a_v1/phase_i_wave3_timesnet_20260913/train_t1200/epoch_0475.pt,track_a,intermediate_checkpoint,DO_NOT_UPLOAD,retain_on_server,17325742,17326080,EXISTS,,a46a2668c5a131e579ac14c0537bc6e7027482513b89ad5c3ffcafd18efc77be,previously_recorded_not_rehashed,,
/home/shanjinshuo/fno_kerr/kerr_project/outputs/benchmark_track_a_v1/phase_i_wave3_timesnet_20260913/train_t1200/epoch_0500.pt,outputs/benchmark_track_a_v1/phase_i_wave3_timesnet_20260913/train_t1200/epoch_0500.pt,track_a,intermediate_checkpoint,DO_NOT_UPLOAD,retain_on_server,17326894,17330176,EXISTS,,5d26219fb5f81f9d9c21a9cc32b9293e43c845d2b3a1ee7ba87352c4534f9d6c,previously_recorded_not_rehashed,,
/home/shanjinshuo/fno_kerr/kerr_project/outputs/benchmark_track_a_v1/phase_i_wave3_timesnet_20260913/train_t1200/run.json,outputs/benchmark_track_a_v1/phase_i_wave3_timesnet_20260913/train_t1200/run.json,track_a,provenance_summary,RECOMMENDED_UPLOAD,optional_package,5591,8192,JSON_READABLE,03_track_a_benchmark/phase_i_wave3_timesnet_20260913/train_t1200/run.json,d7c4989de09634a24847f1fd3e63ff09774e9351cb94fbc57f83ac60fc925ae0,current_file_verified_against_record,,
/home/shanjinshuo/fno_kerr/kerr_project/outputs/benchmark_track_a_v1/phase_i_wave3_timesnet_20260913/train_t1200/summary.json,outputs/benchmark_track_a_v1/phase_i_wave3_timesnet_20260913/train_t1200/summary.json,track_a,provenance_summary,RECOMMENDED_UPLOAD,optional_package,100672,102400,JSON_READABLE,03_track_a_benchmark/phase_i_wave3_timesnet_20260913/train_t1200/summary.json,d0cb2eeb071a3ed40fd5835b403ca9f14de34be2f9bba2c8d56c99ebec307f72,current_file_verified_against_record,,
/home/shanjinshuo/fno_kerr/kerr_project/outputs/benchmark_track_a_v1/phase_i_wave3_timesnet_20260913/train_t1200.log,outputs/benchmark_track_a_v1/phase_i_wave3_timesnet_20260913/train_t1200.log,track_a,runtime_log,DO_NOT_UPLOAD,retain_on_server,95084,98304,EXISTS,,e09b54698fae581e4ffaa2c07ad0d8178ebf6f297dffc6fd0af1140e992abee3,current_file_verified_against_record,,
/home/shanjinshuo/fno_kerr/kerr_project/outputs/benchmark_track_a_v1/phase_i_wave3_timesnet_20260913/train_t1200_exit.json,outputs/benchmark_track_a_v1/phase_i_wave3_timesnet_20260913/train_t1200_exit.json,track_a,provenance_summary,RECOMMENDED_UPLOAD,optional_package,115,4096,JSON_READABLE,03_track_a_benchmark/phase_i_wave3_timesnet_20260913/train_t1200_exit.json,cbbb174e7cdf2c87e9ceb91d65f98afc29ec4a551539d24f1adef3a77351c52a,current_file_verified_against_record,,
/home/shanjinshuo/fno_kerr/kerr_project/outputs/benchmark_track_a_v1/phase_i_wave3_timesnet_20260913/train_t1200_start.json,outputs/benchmark_track_a_v1/phase_i_wave3_timesnet_20260913/train_t1200_start.json,track_a,provenance_summary,RECOMMENDED_UPLOAD,optional_package,621,4096,JSON_READABLE,03_track_a_benchmark/phase_i_wave3_timesnet_20260913/train_t1200_start.json,7170af871985be787487d4d5a2008991cae34ae77695464e92ef5e27d91d9c87,current_file_verified_against_record,,
/home/shanjinshuo/fno_kerr/kerr_project/outputs/benchmark_track_a_v1/phase_i_wave3_timesnet_20260913/train_t2399/best_model.pt,outputs/benchmark_track_a_v1/phase_i_wave3_timesnet_20260913/train_t2399/best_model.pt,track_a,best_checkpoint,RECOMMENDED_UPLOAD,optional_package,4324406,4325376,ZIP_CRC_OK,04_best_checkpoints/track_a/phase_i_wave3_timesnet_20260913/train_t2399/best_model.pt,9beec9fdf4b3359619039dc8004b667e3e416036db978fcbe62c92f27e656794,current_file_verified_against_record,,
/home/shanjinshuo/fno_kerr/kerr_project/outputs/benchmark_track_a_v1/phase_i_wave3_timesnet_20260913/train_t2399/epoch_0025.pt,outputs/benchmark_track_a_v1/phase_i_wave3_timesnet_20260913/train_t2399/epoch_0025.pt,track_a,intermediate_checkpoint,DO_NOT_UPLOAD,retain_on_server,17303150,17305600,EXISTS,,5473bdead4841597e46fc14cfe8c7c29d9827bf40c5ce7da7410eb7b9832b12a,previously_recorded_not_rehashed,,
/home/shanjinshuo/fno_kerr/kerr_project/outputs/benchmark_track_a_v1/phase_i_wave3_timesnet_20260913/train_t2399/epoch_0050.pt,outputs/benchmark_track_a_v1/phase_i_wave3_timesnet_20260913/train_t2399/epoch_0050.pt,track_a,intermediate_checkpoint,DO_NOT_UPLOAD,retain_on_server,17304238,17305600,EXISTS,,e1c3ca0bb9dd6bb8b0063876536668730efaa50be5920d86207a251e40831723,previously_recorded_not_rehashed,,
/home/shanjinshuo/fno_kerr/kerr_project/outputs/benchmark_track_a_v1/phase_i_wave3_timesnet_20260913/train_t2399/epoch_0075.pt,outputs/benchmark_track_a_v1/phase_i_wave3_timesnet_20260913/train_t2399/epoch_0075.pt,track_a,intermediate_checkpoint,DO_NOT_UPLOAD,retain_on_server,17305390,17305600,EXISTS,,f1ccc214c79b63b74c5074a689ad05f66f9194234b2c1addb4e32dd36ce50b80,previously_recorded_not_rehashed,,
/home/shanjinshuo/fno_kerr/kerr_project/outputs/benchmark_track_a_v1/phase_i_wave3_timesnet_20260913/train_t2399/epoch_0100.pt,outputs/benchmark_track_a_v1/phase_i_wave3_timesnet_20260913/train_t2399/epoch_0100.pt,track_a,intermediate_checkpoint,DO_NOT_UPLOAD,retain_on_server,17308654,17309696,EXISTS,,b8fd9d962042a7f559a2293d98a699ebabd131dab68c5415df9fe5d2013233a8,previously_recorded_not_rehashed,,
/home/shanjinshuo/fno_kerr/kerr_project/outputs/benchmark_track_a_v1/phase_i_wave3_timesnet_20260913/train_t2399/epoch_0125.pt,outputs/benchmark_track_a_v1/phase_i_wave3_timesnet_20260913/train_t2399/epoch_0125.pt,track_a,intermediate_checkpoint,DO_NOT_UPLOAD,retain_on_server,17309742,17313792,EXISTS,,a726564f6cf6b005f59a6fb2c6fef4c34aaa3ef3e6a66cb5e45fb4f40041dc5a,previously_recorded_not_rehashed,,
/home/shanjinshuo/fno_kerr/kerr_project/outputs/benchmark_track_a_v1/phase_i_wave3_timesnet_20260913/train_t2399/epoch_0150.pt,outputs/benchmark_track_a_v1/phase_i_wave3_timesnet_20260913/train_t2399/epoch_0150.pt,track_a,intermediate_checkpoint,DO_NOT_UPLOAD,retain_on_server,17310894,17313792,EXISTS,,296faff64a0053c4ef0e1fc4554f8e06b1dc25149d03504c406d3dbfbab3c30b,previously_recorded_not_rehashed,,
/home/shanjinshuo/fno_kerr/kerr_project/outputs/benchmark_track_a_v1/phase_i_wave3_timesnet_20260913/train_t2399/epoch_0175.pt,outputs/benchmark_track_a_v1/phase_i_wave3_timesnet_20260913/train_t2399/epoch_0175.pt,track_a,intermediate_checkpoint,DO_NOT_UPLOAD,retain_on_server,17311982,17313792,EXISTS,,8e7ac684ee978da5c041ad9a8a917cf217368ab34c35952ebcfdae7572c6cb33,previously_recorded_not_rehashed,,
/home/shanjinshuo/fno_kerr/kerr_project/outputs/benchmark_track_a_v1/phase_i_wave3_timesnet_20260913/train_t2399/epoch_0200.pt,outputs/benchmark_track_a_v1/phase_i_wave3_timesnet_20260913/train_t2399/epoch_0200.pt,track_a,intermediate_checkpoint,DO_NOT_UPLOAD,retain_on_server,17313134,17313792,EXISTS,,514788b21bbd614c90042d2e62fa51efaff4d1cab6251bac8fd02e4f1bf9f53f,previously_recorded_not_rehashed,,
/home/shanjinshuo/fno_kerr/kerr_project/outputs/benchmark_track_a_v1/phase_i_wave3_timesnet_20260913/train_t2399/epoch_0225.pt,outputs/benchmark_track_a_v1/phase_i_wave3_timesnet_20260913/train_t2399/epoch_0225.pt,track_a,intermediate_checkpoint,DO_NOT_UPLOAD,retain_on_server,17314286,17317888,EXISTS,,b9644ae83910a606d9faa11b743c1bb8139f93cbbe12b26b383b71ee354cafa9,previously_recorded_not_rehashed,,
/home/shanjinshuo/fno_kerr/kerr_project/outputs/benchmark_track_a_v1/phase_i_wave3_timesnet_20260913/train_t2399/epoch_0250.pt,outputs/benchmark_track_a_v1/phase_i_wave3_timesnet_20260913/train_t2399/epoch_0250.pt,track_a,intermediate_checkpoint,DO_NOT_UPLOAD,retain_on_server,17315374,17317888,EXISTS,,c9f4bb0983b57dd4f9dd000530486f0ad9d36795a4f1df1133b88441e7c0e3f5,previously_recorded_not_rehashed,,
/home/shanjinshuo/fno_kerr/kerr_project/outputs/benchmark_track_a_v1/phase_i_wave3_timesnet_20260913/train_t2399/epoch_0275.pt,outputs/benchmark_track_a_v1/phase_i_wave3_timesnet_20260913/train_t2399/epoch_0275.pt,track_a,intermediate_checkpoint,DO_NOT_UPLOAD,retain_on_server,17316526,17317888,EXISTS,,43f3e707d29fbf473e39c290db271355e487c63d6cedae478db8603946ca4d07,previously_recorded_not_rehashed,,
/home/shanjinshuo/fno_kerr/kerr_project/outputs/benchmark_track_a_v1/phase_i_wave3_timesnet_20260913/train_t2399/epoch_0300.pt,outputs/benchmark_track_a_v1/phase_i_wave3_timesnet_20260913/train_t2399/epoch_0300.pt,track_a,intermediate_checkpoint,DO_NOT_UPLOAD,retain_on_server,17317678,17317888,EXISTS,,82f8013c68e1a5247539f44b7dc003bf9b19e972aa3219abff052c8ec6ee7fe4,previously_recorded_not_rehashed,,
/home/shanjinshuo/fno_kerr/kerr_project/outputs/benchmark_track_a_v1/phase_i_wave3_timesnet_20260913/train_t2399/epoch_0325.pt,outputs/benchmark_track_a_v1/phase_i_wave3_timesnet_20260913/train_t2399/epoch_0325.pt,track_a,intermediate_checkpoint,DO_NOT_UPLOAD,retain_on_server,17318830,17321984,EXISTS,,f663c13643389ae30d0204d272f91e53d2896d825eb569ad33668137e119b94a,previously_recorded_not_rehashed,,
/home/shanjinshuo/fno_kerr/kerr_project/outputs/benchmark_track_a_v1/phase_i_wave3_timesnet_20260913/train_t2399/epoch_0350.pt,outputs/benchmark_track_a_v1/phase_i_wave3_timesnet_20260913/train_t2399/epoch_0350.pt,track_a,intermediate_checkpoint,DO_NOT_UPLOAD,retain_on_server,17319982,17321984,EXISTS,,d236d7397894aab0bcd7cbc6b4f4552b59e8db4b7ebe0a12ec799a704fa9ef8a,previously_recorded_not_rehashed,,
/home/shanjinshuo/fno_kerr/kerr_project/outputs/benchmark_track_a_v1/phase_i_wave3_timesnet_20260913/train_t2399/epoch_0375.pt,outputs/benchmark_track_a_v1/phase_i_wave3_timesnet_20260913/train_t2399/epoch_0375.pt,track_a,intermediate_checkpoint,DO_NOT_UPLOAD,retain_on_server,17321134,17321984,EXISTS,,ac7ccb98ac103941a5269db97cde338dc8e05a4463975e1ea6cd8eee875333bb,previously_recorded_not_rehashed,,
/home/shanjinshuo/fno_kerr/kerr_project/outputs/benchmark_track_a_v1/phase_i_wave3_timesnet_20260913/train_t2399/epoch_0400.pt,outputs/benchmark_track_a_v1/phase_i_wave3_timesnet_20260913/train_t2399/epoch_0400.pt,track_a,intermediate_checkpoint,DO_NOT_UPLOAD,retain_on_server,17322286,17326080,EXISTS,,17652cdfc38bb171225a30a590f10ff923a895ffc745890ccd1cd2bda3bd4cda,previously_recorded_not_rehashed,,
/home/shanjinshuo/fno_kerr/kerr_project/outputs/benchmark_track_a_v1/phase_i_wave3_timesnet_20260913/train_t2399/epoch_0425.pt,outputs/benchmark_track_a_v1/phase_i_wave3_timesnet_20260913/train_t2399/epoch_0425.pt,track_a,intermediate_checkpoint,DO_NOT_UPLOAD,retain_on_server,17323438,17326080,EXISTS,,e9547c77fbea88522c8ecf6af49a164b5012c787ccfa48bd3160daa708ae2163,previously_recorded_not_rehashed,,
/home/shanjinshuo/fno_kerr/kerr_project/outputs/benchmark_track_a_v1/phase_i_wave3_timesnet_20260913/train_t2399/epoch_0450.pt,outputs/benchmark_track_a_v1/phase_i_wave3_timesnet_20260913/train_t2399/epoch_0450.pt,track_a,intermediate_checkpoint,DO_NOT_UPLOAD,retain_on_server,17324590,17326080,EXISTS,,c12991a0596183a53be6b6ce21cfcdba60990f4e65974008345d028c4487f0d5,previously_recorded_not_rehashed,,
/home/shanjinshuo/fno_kerr/kerr_project/outputs/benchmark_track_a_v1/phase_i_wave3_timesnet_20260913/train_t2399/epoch_0475.pt,outputs/benchmark_track_a_v1/phase_i_wave3_timesnet_20260913/train_t2399/epoch_0475.pt,track_a,intermediate_checkpoint,DO_NOT_UPLOAD,retain_on_server,17325742,17326080,EXISTS,,160e15dc112fa647b1202266deffb07148ba214475360fc98d740d2163a5ad8a,previously_recorded_not_rehashed,,
/home/shanjinshuo/fno_kerr/kerr_project/outputs/benchmark_track_a_v1/phase_i_wave3_timesnet_20260913/train_t2399/epoch_0500.pt,outputs/benchmark_track_a_v1/phase_i_wave3_timesnet_20260913/train_t2399/epoch_0500.pt,track_a,intermediate_checkpoint,DO_NOT_UPLOAD,retain_on_server,17326894,17330176,EXISTS,,c83eb35989f2640d68dae30266245e0697a4a083221021510dfdb404deb08fbf,previously_recorded_not_rehashed,,
/home/shanjinshuo/fno_kerr/kerr_project/outputs/benchmark_track_a_v1/phase_i_wave3_timesnet_20260913/train_t2399/run.json,outputs/benchmark_track_a_v1/phase_i_wave3_timesnet_20260913/train_t2399/run.json,track_a,provenance_summary,RECOMMENDED_UPLOAD,optional_package,5609,8192,JSON_READABLE,03_track_a_benchmark/phase_i_wave3_timesnet_20260913/train_t2399/run.json,b2a0281a36e50bc6937096fdaab88ee03424e02ce56fe7db73084eea76a0b9b8,current_file_verified_against_record,,
/home/shanjinshuo/fno_kerr/kerr_project/outputs/benchmark_track_a_v1/phase_i_wave3_timesnet_20260913/train_t2399/summary.json,outputs/benchmark_track_a_v1/phase_i_wave3_timesnet_20260913/train_t2399/summary.json,track_a,provenance_summary,RECOMMENDED_UPLOAD,optional_package,100705,102400,JSON_READABLE,03_track_a_benchmark/phase_i_wave3_timesnet_20260913/train_t2399/summary.json,543c530764f6cf9a3cc42538f728deb248c559358abae2be9b95404619b0eb3c,current_file_verified_against_record,,
/home/shanjinshuo/fno_kerr/kerr_project/outputs/benchmark_track_a_v1/phase_i_wave3_timesnet_20260913/train_t2399.log,outputs/benchmark_track_a_v1/phase_i_wave3_timesnet_20260913/train_t2399.log,track_a,runtime_log,DO_NOT_UPLOAD,retain_on_server,95099,98304,EXISTS,,037a3155beb8f7dfb31d00bcc73708aa4aaadfe8dbce6db74490afd00ba24370,current_file_verified_against_record,,
/home/shanjinshuo/fno_kerr/kerr_project/outputs/benchmark_track_a_v1/phase_i_wave3_timesnet_20260913/train_t2399_exit.json,outputs/benchmark_track_a_v1/phase_i_wave3_timesnet_20260913/train_t2399_exit.json,track_a,provenance_summary,RECOMMENDED_UPLOAD,optional_package,115,4096,JSON_READABLE,03_track_a_benchmark/phase_i_wave3_timesnet_20260913/train_t2399_exit.json,ee6d1ac530e24ad1326ac7a09600205717142817ac578b7b9feff078cd127b93,current_file_verified_against_record,,
/home/shanjinshuo/fno_kerr/kerr_project/outputs/benchmark_track_a_v1/phase_i_wave3_timesnet_20260913/train_t2399_start.json,outputs/benchmark_track_a_v1/phase_i_wave3_timesnet_20260913/train_t2399_start.json,track_a,provenance_summary,RECOMMENDED_UPLOAD,optional_package,621,4096,JSON_READABLE,03_track_a_benchmark/phase_i_wave3_timesnet_20260913/train_t2399_start.json,6fdc1730c70438bf77527afb89950e853fc0e6fff133534c92c2a8466ca83655,current_file_verified_against_record,,
/home/shanjinshuo/fno_kerr/kerr_project/outputs/benchmark_track_a_v1/phase_i_wave3_timesnet_20260913/wave_execution.json,outputs/benchmark_track_a_v1/phase_i_wave3_timesnet_20260913/wave_execution.json,track_a,provenance_summary,RECOMMENDED_UPLOAD,optional_package,20425,20480,JSON_READABLE,03_track_a_benchmark/phase_i_wave3_timesnet_20260913/wave_execution.json,769342a7184661521e668d0b0a8d82f6322a2fd0dca812e9ab188987a0bd7208,current_file_verified_against_record,,
/home/shanjinshuo/fno_kerr/kerr_project/outputs/benchmark_track_a_v1/phase_i_wave3_timesnet_20260913/workflow_t1200.log,outputs/benchmark_track_a_v1/phase_i_wave3_timesnet_20260913/workflow_t1200.log,track_a,runtime_log,DO_NOT_UPLOAD,retain_on_server,0,0,EMPTY_NON_RESULT_FILE,,e3b0c44298fc1c149afbf4c8996fb92427ae41e4649b934ca495991b7852b855,previously_recorded_not_rehashed,,
/home/shanjinshuo/fno_kerr/kerr_project/outputs/benchmark_track_a_v1/phase_i_wave3_timesnet_20260913/workflow_t1200_complete.json,outputs/benchmark_track_a_v1/phase_i_wave3_timesnet_20260913/workflow_t1200_complete.json,track_a,provenance_summary,RECOMMENDED_UPLOAD,optional_package,118,4096,JSON_READABLE,03_track_a_benchmark/phase_i_wave3_timesnet_20260913/workflow_t1200_complete.json,ab7764dc1c8dc3a14ad69f8bba67c1c17b966f3896799d136ffb00a502949280,current_file_verified_against_record,,
/home/shanjinshuo/fno_kerr/kerr_project/outputs/benchmark_track_a_v1/phase_i_wave3_timesnet_20260913/workflow_t1200_start.json,outputs/benchmark_track_a_v1/phase_i_wave3_timesnet_20260913/workflow_t1200_start.json,track_a,provenance_summary,RECOMMENDED_UPLOAD,optional_package,211,4096,JSON_READABLE,03_track_a_benchmark/phase_i_wave3_timesnet_20260913/workflow_t1200_start.json,b5544df48e9df455ea4b8e2b0d4eb38b7af121bf9aeca4607157b3fe7532205e,current_file_verified_against_record,,
/home/shanjinshuo/fno_kerr/kerr_project/outputs/benchmark_track_a_v1/phase_i_wave3_timesnet_20260913/workflow_t2399.log,outputs/benchmark_track_a_v1/phase_i_wave3_timesnet_20260913/workflow_t2399.log,track_a,runtime_log,DO_NOT_UPLOAD,retain_on_server,0,0,EMPTY_NON_RESULT_FILE,,e3b0c44298fc1c149afbf4c8996fb92427ae41e4649b934ca495991b7852b855,previously_recorded_not_rehashed,outputs/benchmark_track_a_v1/phase_i_wave3_timesnet_20260913/workflow_t1200.log,
/home/shanjinshuo/fno_kerr/kerr_project/outputs/benchmark_track_a_v1/phase_i_wave3_timesnet_20260913/workflow_t2399_complete.json,outputs/benchmark_track_a_v1/phase_i_wave3_timesnet_20260913/workflow_t2399_complete.json,track_a,provenance_summary,RECOMMENDED_UPLOAD,optional_package,118,4096,JSON_READABLE,03_track_a_benchmark/phase_i_wave3_timesnet_20260913/workflow_t2399_complete.json,432d8c0978ab008ee14c8fcec8e97a41f4716868cc5ad4e14edb8d16006ea960,current_file_verified_against_record,,
/home/shanjinshuo/fno_kerr/kerr_project/outputs/benchmark_track_a_v1/phase_i_wave3_timesnet_20260913/workflow_t2399_start.json,outputs/benchmark_track_a_v1/phase_i_wave3_timesnet_20260913/workflow_t2399_start.json,track_a,provenance_summary,RECOMMENDED_UPLOAD,optional_package,205,4096,JSON_READABLE,03_track_a_benchmark/phase_i_wave3_timesnet_20260913/workflow_t2399_start.json,aeb6bb88e2fd3ee1f4ab796e4d7daea0aa04ff71bd73443b5b2b74265ce4a2fd,current_file_verified_against_record,,
/home/shanjinshuo/fno_kerr/kerr_project/outputs/benchmark_track_a_v1/phase_i_wave4_bilstm_20260913/eval_t1200/matrix.json,outputs/benchmark_track_a_v1/phase_i_wave4_bilstm_20260913/eval_t1200/matrix.json,track_a,metrics_metadata,MUST_UPLOAD,primary_package,403079,405504,JSON_READABLE,03_track_a_benchmark/phase_i_wave4_bilstm_20260913/eval_t1200/matrix.json,46abe4d46c5453ba11f37415fc2d0b080fc4a2a42434d8613192c57901ccd065,current_file_verified_against_record,,
/home/shanjinshuo/fno_kerr/kerr_project/outputs/benchmark_track_a_v1/phase_i_wave4_bilstm_20260913/eval_t1200/metrics_t1200.json,outputs/benchmark_track_a_v1/phase_i_wave4_bilstm_20260913/eval_t1200/metrics_t1200.json,track_a,metrics_metadata,MUST_UPLOAD,primary_package,86294,90112,JSON_READABLE,03_track_a_benchmark/phase_i_wave4_bilstm_20260913/eval_t1200/metrics_t1200.json,08dcdf2b752505ee79d4df92da6e574e2802f5c951c26daccb94063ac731523b,current_file_verified_against_record,,
/home/shanjinshuo/fno_kerr/kerr_project/outputs/benchmark_track_a_v1/phase_i_wave4_bilstm_20260913/eval_t1200/metrics_t2399.json,outputs/benchmark_track_a_v1/phase_i_wave4_bilstm_20260913/eval_t1200/metrics_t2399.json,track_a,metrics_metadata,MUST_UPLOAD,primary_package,86285,90112,JSON_READABLE,03_track_a_benchmark/phase_i_wave4_bilstm_20260913/eval_t1200/metrics_t2399.json,7b52507fc81ca8bd3512911e08b93d63437b2dd7b8dc1450bf463a553a5bf149,current_file_verified_against_record,,
/home/shanjinshuo/fno_kerr/kerr_project/outputs/benchmark_track_a_v1/phase_i_wave4_bilstm_20260913/eval_t1200/metrics_t3598.json,outputs/benchmark_track_a_v1/phase_i_wave4_bilstm_20260913/eval_t1200/metrics_t3598.json,track_a,metrics_metadata,MUST_UPLOAD,primary_package,86302,90112,JSON_READABLE,03_track_a_benchmark/phase_i_wave4_bilstm_20260913/eval_t1200/metrics_t3598.json,ca1cf34312e05744f260bed06961985ce5a7ffd0203851ee8bc8498bae3ead94,current_file_verified_against_record,,
/home/shanjinshuo/fno_kerr/kerr_project/outputs/benchmark_track_a_v1/phase_i_wave4_bilstm_20260913/eval_t1200/metrics_t4797.json,outputs/benchmark_track_a_v1/phase_i_wave4_bilstm_20260913/eval_t1200/metrics_t4797.json,track_a,metrics_metadata,MUST_UPLOAD,primary_package,86303,90112,JSON_READABLE,03_track_a_benchmark/phase_i_wave4_bilstm_20260913/eval_t1200/metrics_t4797.json,44145ba0b706478dcaca3abc470a65811f4eb8bd3a02c5b97da156a5342836e1,current_file_verified_against_record,,
/home/shanjinshuo/fno_kerr/kerr_project/outputs/benchmark_track_a_v1/phase_i_wave4_bilstm_20260913/eval_t1200/prediction_t1200.npz,outputs/benchmark_track_a_v1/phase_i_wave4_bilstm_20260913/eval_t1200/prediction_t1200.npz,track_a,final_prediction,MUST_UPLOAD,primary_package,5325833,5328896,ZIP_CRC_OK,03_track_a_benchmark/phase_i_wave4_bilstm_20260913/eval_t1200/prediction_t1200.npz,819c93564e9d6c092478fa3ad2376601a4d632f7788b94ff01464804fdaf3baf,current_file_verified_against_record,,
/home/shanjinshuo/fno_kerr/kerr_project/outputs/benchmark_track_a_v1/phase_i_wave4_bilstm_20260913/eval_t1200/prediction_t2399.npz,outputs/benchmark_track_a_v1/phase_i_wave4_bilstm_20260913/eval_t1200/prediction_t2399.npz,track_a,final_prediction,MUST_UPLOAD,primary_package,10616419,10616832,ZIP_CRC_OK,03_track_a_benchmark/phase_i_wave4_bilstm_20260913/eval_t1200/prediction_t2399.npz,d718623e5456e64d9fb7e92c5ddc4d54df9961f89d1a489c2075aff35d98c264,current_file_verified_against_record,,
/home/shanjinshuo/fno_kerr/kerr_project/outputs/benchmark_track_a_v1/phase_i_wave4_bilstm_20260913/eval_t1200/prediction_t3598.npz,outputs/benchmark_track_a_v1/phase_i_wave4_bilstm_20260913/eval_t1200/prediction_t3598.npz,track_a,final_prediction,MUST_UPLOAD,primary_package,15888807,15892480,ZIP_CRC_OK,03_track_a_benchmark/phase_i_wave4_bilstm_20260913/eval_t1200/prediction_t3598.npz,fbe0de6508628ddfa2da33e2880c0bddb06a8b72f25ce6a1df9e15e6a1e33d2d,current_file_verified_against_record,,
/home/shanjinshuo/fno_kerr/kerr_project/outputs/benchmark_track_a_v1/phase_i_wave4_bilstm_20260913/eval_t1200/prediction_t4797.npz,outputs/benchmark_track_a_v1/phase_i_wave4_bilstm_20260913/eval_t1200/prediction_t4797.npz,track_a,final_prediction,MUST_UPLOAD,primary_package,21136175,21139456,ZIP_CRC_OK,03_track_a_benchmark/phase_i_wave4_bilstm_20260913/eval_t1200/prediction_t4797.npz,89863737e9c1a9933cb867e4b9d5a3b9787f0e2047829932ddaea791c4ab3a72,current_file_verified_against_record,,
/home/shanjinshuo/fno_kerr/kerr_project/outputs/benchmark_track_a_v1/phase_i_wave4_bilstm_20260913/eval_t2399/matrix.json,outputs/benchmark_track_a_v1/phase_i_wave4_bilstm_20260913/eval_t2399/matrix.json,track_a,metrics_metadata,MUST_UPLOAD,primary_package,403076,405504,JSON_READABLE,03_track_a_benchmark/phase_i_wave4_bilstm_20260913/eval_t2399/matrix.json,0e550e1933cba39c79eca5afc368ed2ce76186f90144c677b4156b41c7372d3d,current_file_verified_against_record,,
/home/shanjinshuo/fno_kerr/kerr_project/outputs/benchmark_track_a_v1/phase_i_wave4_bilstm_20260913/eval_t2399/metrics_t1200.json,outputs/benchmark_track_a_v1/phase_i_wave4_bilstm_20260913/eval_t2399/metrics_t1200.json,track_a,metrics_metadata,MUST_UPLOAD,primary_package,86280,90112,JSON_READABLE,03_track_a_benchmark/phase_i_wave4_bilstm_20260913/eval_t2399/metrics_t1200.json,e4670bd62ea28c11062c2c38361132bab5f7d1a08617a041197a2bf83bfc0dd7,current_file_verified_against_record,,
/home/shanjinshuo/fno_kerr/kerr_project/outputs/benchmark_track_a_v1/phase_i_wave4_bilstm_20260913/eval_t2399/metrics_t2399.json,outputs/benchmark_track_a_v1/phase_i_wave4_bilstm_20260913/eval_t2399/metrics_t2399.json,track_a,metrics_metadata,MUST_UPLOAD,primary_package,86307,90112,JSON_READABLE,03_track_a_benchmark/phase_i_wave4_bilstm_20260913/eval_t2399/metrics_t2399.json,651a40b2d1788d7e1f20fd78c755f6453a5208523510d85b86123737ac228ac0,current_file_verified_against_record,,
/home/shanjinshuo/fno_kerr/kerr_project/outputs/benchmark_track_a_v1/phase_i_wave4_bilstm_20260913/eval_t2399/metrics_t3598.json,outputs/benchmark_track_a_v1/phase_i_wave4_bilstm_20260913/eval_t2399/metrics_t3598.json,track_a,metrics_metadata,MUST_UPLOAD,primary_package,86293,90112,JSON_READABLE,03_track_a_benchmark/phase_i_wave4_bilstm_20260913/eval_t2399/metrics_t3598.json,462d345480d87851437334d72c3b971689fe8fb9c7d3b04f69474a4e8332599b,current_file_verified_against_record,,
/home/shanjinshuo/fno_kerr/kerr_project/outputs/benchmark_track_a_v1/phase_i_wave4_bilstm_20260913/eval_t2399/metrics_t4797.json,outputs/benchmark_track_a_v1/phase_i_wave4_bilstm_20260913/eval_t2399/metrics_t4797.json,track_a,metrics_metadata,MUST_UPLOAD,primary_package,86294,90112,JSON_READABLE,03_track_a_benchmark/phase_i_wave4_bilstm_20260913/eval_t2399/metrics_t4797.json,e4290a2ba0f1ef5dc0825c2b0f4d819073eba6f989be6d2225634ef0e983ff02,current_file_verified_against_record,,
/home/shanjinshuo/fno_kerr/kerr_project/outputs/benchmark_track_a_v1/phase_i_wave4_bilstm_20260913/eval_t2399/prediction_t1200.npz,outputs/benchmark_track_a_v1/phase_i_wave4_bilstm_20260913/eval_t2399/prediction_t1200.npz,track_a,final_prediction,MUST_UPLOAD,primary_package,5329483,5332992,ZIP_CRC_OK,03_track_a_benchmark/phase_i_wave4_bilstm_20260913/eval_t2399/prediction_t1200.npz,ff42b6fc17d198919dea514d0e51a0c3abeb08fb0c7904823c5690c014985a4b,current_file_verified_against_record,,
/home/shanjinshuo/fno_kerr/kerr_project/outputs/benchmark_track_a_v1/phase_i_wave4_bilstm_20260913/eval_t2399/prediction_t2399.npz,outputs/benchmark_track_a_v1/phase_i_wave4_bilstm_20260913/eval_t2399/prediction_t2399.npz,track_a,final_prediction,MUST_UPLOAD,primary_package,10632247,10633216,ZIP_CRC_OK,03_track_a_benchmark/phase_i_wave4_bilstm_20260913/eval_t2399/prediction_t2399.npz,b4547d6a9498eb45e777214e2012998e2a470ec4c238019d88942f26e1a39c12,current_file_verified_against_record,,
/home/shanjinshuo/fno_kerr/kerr_project/outputs/benchmark_track_a_v1/phase_i_wave4_bilstm_20260913/eval_t2399/prediction_t3598.npz,outputs/benchmark_track_a_v1/phase_i_wave4_bilstm_20260913/eval_t2399/prediction_t3598.npz,track_a,final_prediction,MUST_UPLOAD,primary_package,15918160,15921152,ZIP_CRC_OK,03_track_a_benchmark/phase_i_wave4_bilstm_20260913/eval_t2399/prediction_t3598.npz,357b45a50db856c23ebc1513cd251253b70a1326038ad0d71a72b2d3ab6c6b7c,current_file_verified_against_record,,
/home/shanjinshuo/fno_kerr/kerr_project/outputs/benchmark_track_a_v1/phase_i_wave4_bilstm_20260913/eval_t2399/prediction_t4797.npz,outputs/benchmark_track_a_v1/phase_i_wave4_bilstm_20260913/eval_t2399/prediction_t4797.npz,track_a,final_prediction,MUST_UPLOAD,primary_package,21189025,21192704,ZIP_CRC_OK,03_track_a_benchmark/phase_i_wave4_bilstm_20260913/eval_t2399/prediction_t4797.npz,67fcc46a193f8fbd1f2e89443a67cb6a4e9ad4d7287e47b03b9db269500286cd,current_file_verified_against_record,,
/home/shanjinshuo/fno_kerr/kerr_project/outputs/benchmark_track_a_v1/phase_i_wave4_bilstm_20260913/evaluate_t1200.log,outputs/benchmark_track_a_v1/phase_i_wave4_bilstm_20260913/evaluate_t1200.log,track_a,runtime_log,DO_NOT_UPLOAD,retain_on_server,403079,405504,EXISTS,,46abe4d46c5453ba11f37415fc2d0b080fc4a2a42434d8613192c57901ccd065,current_file_verified_against_record,outputs/benchmark_track_a_v1/phase_i_wave4_bilstm_20260913/eval_t1200/matrix.json,
/home/shanjinshuo/fno_kerr/kerr_project/outputs/benchmark_track_a_v1/phase_i_wave4_bilstm_20260913/evaluate_t1200_exit.json,outputs/benchmark_track_a_v1/phase_i_wave4_bilstm_20260913/evaluate_t1200_exit.json,track_a,provenance_summary,RECOMMENDED_UPLOAD,optional_package,118,4096,JSON_READABLE,03_track_a_benchmark/phase_i_wave4_bilstm_20260913/evaluate_t1200_exit.json,76cd9fa91176c5a630d7a4c3bcd788d1ad0e5104425dc073dab46ed58d2bee9e,current_file_verified_against_record,,
/home/shanjinshuo/fno_kerr/kerr_project/outputs/benchmark_track_a_v1/phase_i_wave4_bilstm_20260913/evaluate_t1200_start.json,outputs/benchmark_track_a_v1/phase_i_wave4_bilstm_20260913/evaluate_t1200_start.json,track_a,provenance_summary,RECOMMENDED_UPLOAD,optional_package,707,4096,JSON_READABLE,03_track_a_benchmark/phase_i_wave4_bilstm_20260913/evaluate_t1200_start.json,f9e54a4c51d08427c6702133012de5e651e406d1958d384a4699e07f6fed5990,current_file_verified_against_record,,
/home/shanjinshuo/fno_kerr/kerr_project/outputs/benchmark_track_a_v1/phase_i_wave4_bilstm_20260913/evaluate_t2399.log,outputs/benchmark_track_a_v1/phase_i_wave4_bilstm_20260913/evaluate_t2399.log,track_a,runtime_log,DO_NOT_UPLOAD,retain_on_server,403076,405504,EXISTS,,0e550e1933cba39c79eca5afc368ed2ce76186f90144c677b4156b41c7372d3d,current_file_verified_against_record,outputs/benchmark_track_a_v1/phase_i_wave4_bilstm_20260913/eval_t2399/matrix.json,
/home/shanjinshuo/fno_kerr/kerr_project/outputs/benchmark_track_a_v1/phase_i_wave4_bilstm_20260913/evaluate_t2399_exit.json,outputs/benchmark_track_a_v1/phase_i_wave4_bilstm_20260913/evaluate_t2399_exit.json,track_a,provenance_summary,RECOMMENDED_UPLOAD,optional_package,118,4096,JSON_READABLE,03_track_a_benchmark/phase_i_wave4_bilstm_20260913/evaluate_t2399_exit.json,b986716d8fa9cf27e5cc80c9f3c1675488a471c4759e85eb6767595f3c3411f1,current_file_verified_against_record,,
/home/shanjinshuo/fno_kerr/kerr_project/outputs/benchmark_track_a_v1/phase_i_wave4_bilstm_20260913/evaluate_t2399_start.json,outputs/benchmark_track_a_v1/phase_i_wave4_bilstm_20260913/evaluate_t2399_start.json,track_a,provenance_summary,RECOMMENDED_UPLOAD,optional_package,707,4096,JSON_READABLE,03_track_a_benchmark/phase_i_wave4_bilstm_20260913/evaluate_t2399_start.json,be341325fb0ece1955582f49427b75b5f1b037a36898112e51948e4a591de824,current_file_verified_against_record,,
/home/shanjinshuo/fno_kerr/kerr_project/outputs/benchmark_track_a_v1/phase_i_wave4_bilstm_20260913/launch_t1200.json,outputs/benchmark_track_a_v1/phase_i_wave4_bilstm_20260913/launch_t1200.json,track_a,provenance_summary,RECOMMENDED_UPLOAD,optional_package,756,4096,JSON_READABLE,03_track_a_benchmark/phase_i_wave4_bilstm_20260913/launch_t1200.json,9a624c11980824cf28a3d9e88416341ee8c140072eb4bbe18e52174d755ef750,current_file_verified_against_record,,
/home/shanjinshuo/fno_kerr/kerr_project/outputs/benchmark_track_a_v1/phase_i_wave4_bilstm_20260913/launch_t2399.json,outputs/benchmark_track_a_v1/phase_i_wave4_bilstm_20260913/launch_t2399.json,track_a,provenance_summary,RECOMMENDED_UPLOAD,optional_package,756,4096,JSON_READABLE,03_track_a_benchmark/phase_i_wave4_bilstm_20260913/launch_t2399.json,3e518292bde9f704c3e726a705e08c927f23cdf292cee4f3db3d7604f3b5317a,current_file_verified_against_record,,
/home/shanjinshuo/fno_kerr/kerr_project/outputs/benchmark_track_a_v1/phase_i_wave4_bilstm_20260913/run_workflow.py,outputs/benchmark_track_a_v1/phase_i_wave4_bilstm_20260913/run_workflow.py,track_a,workflow_source,INDEX_ONLY,retain_on_server,2387,4096,EXISTS,,bb67f2517d3c16fb8f5ab8a75bc7f54cd2eb276d1f5cc9cde3d8d9caa13dd23b,current_file_verified_against_record,,
/home/shanjinshuo/fno_kerr/kerr_project/outputs/benchmark_track_a_v1/phase_i_wave4_bilstm_20260913/train_t1200/best_model.pt,outputs/benchmark_track_a_v1/phase_i_wave4_bilstm_20260913/train_t1200/best_model.pt,track_a,best_checkpoint,RECOMMENDED_UPLOAD,optional_package,4384736,4386816,ZIP_CRC_OK,04_best_checkpoints/track_a/phase_i_wave4_bilstm_20260913/train_t1200/best_model.pt,c4ca47bae8d068137685cbdb5cca853a85a210e5c610b84c81c821d4148c8fd6,current_file_verified_against_record,,
/home/shanjinshuo/fno_kerr/kerr_project/outputs/benchmark_track_a_v1/phase_i_wave4_bilstm_20260913/train_t1200/epoch_0025.pt,outputs/benchmark_track_a_v1/phase_i_wave4_bilstm_20260913/train_t1200/epoch_0025.pt,track_a,intermediate_checkpoint,DO_NOT_UPLOAD,retain_on_server,17537711,17539072,EXISTS,,ac73a4d3b44740790bf87796b6b410f37d47db900db6f8728d383068962a8b67,previously_recorded_not_rehashed,,
/home/shanjinshuo/fno_kerr/kerr_project/outputs/benchmark_track_a_v1/phase_i_wave4_bilstm_20260913/train_t1200/epoch_0050.pt,outputs/benchmark_track_a_v1/phase_i_wave4_bilstm_20260913/train_t1200/epoch_0050.pt,track_a,intermediate_checkpoint,DO_NOT_UPLOAD,retain_on_server,17538799,17539072,EXISTS,,ab896be55b63e23f2deb8d1beb03d6e92af008e694992aa5a5e8d107befc2b92,previously_recorded_not_rehashed,,
/home/shanjinshuo/fno_kerr/kerr_project/outputs/benchmark_track_a_v1/phase_i_wave4_bilstm_20260913/train_t1200/epoch_0075.pt,outputs/benchmark_track_a_v1/phase_i_wave4_bilstm_20260913/train_t1200/epoch_0075.pt,track_a,intermediate_checkpoint,DO_NOT_UPLOAD,retain_on_server,17539951,17543168,EXISTS,,39e16ef4266513e5351198415818e311e5a1a33adf8cb1a455181bede46a8fa4,previously_recorded_not_rehashed,,
/home/shanjinshuo/fno_kerr/kerr_project/outputs/benchmark_track_a_v1/phase_i_wave4_bilstm_20260913/train_t1200/epoch_0100.pt,outputs/benchmark_track_a_v1/phase_i_wave4_bilstm_20260913/train_t1200/epoch_0100.pt,track_a,intermediate_checkpoint,DO_NOT_UPLOAD,retain_on_server,17542255,17543168,EXISTS,,5e4330552a35a9498b006eaf93cba529320c401bdadf6f1d2f010a7ba813687f,previously_recorded_not_rehashed,,
/home/shanjinshuo/fno_kerr/kerr_project/outputs/benchmark_track_a_v1/phase_i_wave4_bilstm_20260913/train_t1200/epoch_0125.pt,outputs/benchmark_track_a_v1/phase_i_wave4_bilstm_20260913/train_t1200/epoch_0125.pt,track_a,intermediate_checkpoint,DO_NOT_UPLOAD,retain_on_server,17543407,17547264,EXISTS,,f3e57f883bd5c94bb7d65ce7c53b5351089d9d7667bdc2cee0e8a8e5b135fa35,previously_recorded_not_rehashed,,
/home/shanjinshuo/fno_kerr/kerr_project/outputs/benchmark_track_a_v1/phase_i_wave4_bilstm_20260913/train_t1200/epoch_0150.pt,outputs/benchmark_track_a_v1/phase_i_wave4_bilstm_20260913/train_t1200/epoch_0150.pt,track_a,intermediate_checkpoint,DO_NOT_UPLOAD,retain_on_server,17544495,17547264,EXISTS,,5624e61955d640e13e8010afc4a1a554b4eeda7cf00d3cf4527ca8ccb57e1504,previously_recorded_not_rehashed,,
/home/shanjinshuo/fno_kerr/kerr_project/outputs/benchmark_track_a_v1/phase_i_wave4_bilstm_20260913/train_t1200/epoch_0175.pt,outputs/benchmark_track_a_v1/phase_i_wave4_bilstm_20260913/train_t1200/epoch_0175.pt,track_a,intermediate_checkpoint,DO_NOT_UPLOAD,retain_on_server,17545647,17547264,EXISTS,,52634688e8ec45012d14febafd5581de9a4d384554cd9ac445349d23ee1874e5,previously_recorded_not_rehashed,,
/home/shanjinshuo/fno_kerr/kerr_project/outputs/benchmark_track_a_v1/phase_i_wave4_bilstm_20260913/train_t1200/epoch_0200.pt,outputs/benchmark_track_a_v1/phase_i_wave4_bilstm_20260913/train_t1200/epoch_0200.pt,track_a,intermediate_checkpoint,DO_NOT_UPLOAD,retain_on_server,17546735,17547264,EXISTS,,3f2efc9751c4b33efeae40dec7cf24b08d72632689faf24f8d0d557b505eb070,previously_recorded_not_rehashed,,
/home/shanjinshuo/fno_kerr/kerr_project/outputs/benchmark_track_a_v1/phase_i_wave4_bilstm_20260913/train_t1200/epoch_0225.pt,outputs/benchmark_track_a_v1/phase_i_wave4_bilstm_20260913/train_t1200/epoch_0225.pt,track_a,intermediate_checkpoint,DO_NOT_UPLOAD,retain_on_server,17547887,17551360,EXISTS,,af516b68f173849ad6088f0a9edd3a9145c58e1471cb2c1b1ef60611749081b9,previously_recorded_not_rehashed,,
/home/shanjinshuo/fno_kerr/kerr_project/outputs/benchmark_track_a_v1/phase_i_wave4_bilstm_20260913/train_t1200/epoch_0250.pt,outputs/benchmark_track_a_v1/phase_i_wave4_bilstm_20260913/train_t1200/epoch_0250.pt,track_a,intermediate_checkpoint,DO_NOT_UPLOAD,retain_on_server,17549039,17551360,EXISTS,,45e4505f52ed85c3af816d8ea138b88fcbf2749e2f678943a26a9002d1068a53,previously_recorded_not_rehashed,,
/home/shanjinshuo/fno_kerr/kerr_project/outputs/benchmark_track_a_v1/phase_i_wave4_bilstm_20260913/train_t1200/epoch_0275.pt,outputs/benchmark_track_a_v1/phase_i_wave4_bilstm_20260913/train_t1200/epoch_0275.pt,track_a,intermediate_checkpoint,DO_NOT_UPLOAD,retain_on_server,17550191,17551360,EXISTS,,e538ed9639112d238fd6c7528e8b17be0845309972ea7d64f785857590942ac2,previously_recorded_not_rehashed,,
/home/shanjinshuo/fno_kerr/kerr_project/outputs/benchmark_track_a_v1/phase_i_wave4_bilstm_20260913/train_t1200/epoch_0300.pt,outputs/benchmark_track_a_v1/phase_i_wave4_bilstm_20260913/train_t1200/epoch_0300.pt,track_a,intermediate_checkpoint,DO_NOT_UPLOAD,retain_on_server,17551343,17551360,EXISTS,,2b748f1053c45df31b9db653c7278a706caf004e4b64339c0dd07f80ec0632e8,previously_recorded_not_rehashed,,
/home/shanjinshuo/fno_kerr/kerr_project/outputs/benchmark_track_a_v1/phase_i_wave4_bilstm_20260913/train_t1200/epoch_0325.pt,outputs/benchmark_track_a_v1/phase_i_wave4_bilstm_20260913/train_t1200/epoch_0325.pt,track_a,intermediate_checkpoint,DO_NOT_UPLOAD,retain_on_server,17552495,17555456,EXISTS,,0ed8a652b7cf644ad337da1a19294cd3605ce5a0c341ef023e714ed628f55320,previously_recorded_not_rehashed,,
/home/shanjinshuo/fno_kerr/kerr_project/outputs/benchmark_track_a_v1/phase_i_wave4_bilstm_20260913/train_t1200/epoch_0350.pt,outputs/benchmark_track_a_v1/phase_i_wave4_bilstm_20260913/train_t1200/epoch_0350.pt,track_a,intermediate_checkpoint,DO_NOT_UPLOAD,retain_on_server,17553583,17555456,EXISTS,,c1d32c8b65b8997182756d662f503ec416fdb30707dc814d14744ef5215bc763,previously_recorded_not_rehashed,,
/home/shanjinshuo/fno_kerr/kerr_project/outputs/benchmark_track_a_v1/phase_i_wave4_bilstm_20260913/train_t1200/epoch_0375.pt,outputs/benchmark_track_a_v1/phase_i_wave4_bilstm_20260913/train_t1200/epoch_0375.pt,track_a,intermediate_checkpoint,DO_NOT_UPLOAD,retain_on_server,17554735,17555456,EXISTS,,18204d34152a998ed5e8559488f9432651afc9bb0ae910d619f3c3b92181075f,previously_recorded_not_rehashed,,
/home/shanjinshuo/fno_kerr/kerr_project/outputs/benchmark_track_a_v1/phase_i_wave4_bilstm_20260913/train_t1200/epoch_0400.pt,outputs/benchmark_track_a_v1/phase_i_wave4_bilstm_20260913/train_t1200/epoch_0400.pt,track_a,intermediate_checkpoint,DO_NOT_UPLOAD,retain_on_server,17555887,17559552,EXISTS,,a52a471827562fb2e24ff087dd23bec5de9e61c7b8112b8f009864d847fa81a4,previously_recorded_not_rehashed,,
/home/shanjinshuo/fno_kerr/kerr_project/outputs/benchmark_track_a_v1/phase_i_wave4_bilstm_20260913/train_t1200/epoch_0425.pt,outputs/benchmark_track_a_v1/phase_i_wave4_bilstm_20260913/train_t1200/epoch_0425.pt,track_a,intermediate_checkpoint,DO_NOT_UPLOAD,retain_on_server,17557039,17559552,EXISTS,,36c3e2609fa41ae2ecee7fd87bf103545930df974d1c63504d365e4dcada71f6,previously_recorded_not_rehashed,,
/home/shanjinshuo/fno_kerr/kerr_project/outputs/benchmark_track_a_v1/phase_i_wave4_bilstm_20260913/train_t1200/epoch_0450.pt,outputs/benchmark_track_a_v1/phase_i_wave4_bilstm_20260913/train_t1200/epoch_0450.pt,track_a,intermediate_checkpoint,DO_NOT_UPLOAD,retain_on_server,17558191,17559552,EXISTS,,89db58e713a81cf41382ec48e3eaaea8259296546c3b52b7d7b929b13f5eba74,previously_recorded_not_rehashed,,
/home/shanjinshuo/fno_kerr/kerr_project/outputs/benchmark_track_a_v1/phase_i_wave4_bilstm_20260913/train_t1200/epoch_0475.pt,outputs/benchmark_track_a_v1/phase_i_wave4_bilstm_20260913/train_t1200/epoch_0475.pt,track_a,intermediate_checkpoint,DO_NOT_UPLOAD,retain_on_server,17559343,17559552,EXISTS,,8c926df782be6fab256af87e919744b7e89aae50c6155b239c62ea3a805906fd,previously_recorded_not_rehashed,,
/home/shanjinshuo/fno_kerr/kerr_project/outputs/benchmark_track_a_v1/phase_i_wave4_bilstm_20260913/train_t1200/epoch_0500.pt,outputs/benchmark_track_a_v1/phase_i_wave4_bilstm_20260913/train_t1200/epoch_0500.pt,track_a,intermediate_checkpoint,DO_NOT_UPLOAD,retain_on_server,17560495,17563648,EXISTS,,b89aae9efd48e701a47f12b30f02cca0a2c30ff488e0607fb418d8e6036bb72c,previously_recorded_not_rehashed,,
/home/shanjinshuo/fno_kerr/kerr_project/outputs/benchmark_track_a_v1/phase_i_wave4_bilstm_20260913/train_t1200/run.json,outputs/benchmark_track_a_v1/phase_i_wave4_bilstm_20260913/train_t1200/run.json,track_a,provenance_summary,RECOMMENDED_UPLOAD,optional_package,5507,8192,JSON_READABLE,03_track_a_benchmark/phase_i_wave4_bilstm_20260913/train_t1200/run.json,cf384ec47defa299f63484f284c55d58565f48eac14e384d18849dfb0805caf1,current_file_verified_against_record,,
/home/shanjinshuo/fno_kerr/kerr_project/outputs/benchmark_track_a_v1/phase_i_wave4_bilstm_20260913/train_t1200/summary.json,outputs/benchmark_track_a_v1/phase_i_wave4_bilstm_20260913/train_t1200/summary.json,track_a,provenance_summary,RECOMMENDED_UPLOAD,optional_package,100619,102400,JSON_READABLE,03_track_a_benchmark/phase_i_wave4_bilstm_20260913/train_t1200/summary.json,8e4d1269686a51f662e25af32e95e35c2c528751c0ef358d50867b54ae34ebcd,current_file_verified_against_record,,
/home/shanjinshuo/fno_kerr/kerr_project/outputs/benchmark_track_a_v1/phase_i_wave4_bilstm_20260913/train_t1200.log,outputs/benchmark_track_a_v1/phase_i_wave4_bilstm_20260913/train_t1200.log,track_a,runtime_log,DO_NOT_UPLOAD,retain_on_server,95115,98304,EXISTS,,e25e2d614cd02ad2f5b0f574de28abaf672b37ca7a4c24248ff4e604d84183ca,current_file_verified_against_record,,
/home/shanjinshuo/fno_kerr/kerr_project/outputs/benchmark_track_a_v1/phase_i_wave4_bilstm_20260913/train_t1200_exit.json,outputs/benchmark_track_a_v1/phase_i_wave4_bilstm_20260913/train_t1200_exit.json,track_a,provenance_summary,RECOMMENDED_UPLOAD,optional_package,115,4096,JSON_READABLE,03_track_a_benchmark/phase_i_wave4_bilstm_20260913/train_t1200_exit.json,11bf2feb8601bae9004a90eb422aca5dfa2a8a0e41d9847a580c794efeae3da1,current_file_verified_against_record,,
/home/shanjinshuo/fno_kerr/kerr_project/outputs/benchmark_track_a_v1/phase_i_wave4_bilstm_20260913/train_t1200_start.json,outputs/benchmark_track_a_v1/phase_i_wave4_bilstm_20260913/train_t1200_start.json,track_a,provenance_summary,RECOMMENDED_UPLOAD,optional_package,617,4096,JSON_READABLE,03_track_a_benchmark/phase_i_wave4_bilstm_20260913/train_t1200_start.json,8e46964d49c67ff3031a32089f38b10c6f6eed7015c066c618d9384757978182,current_file_verified_against_record,,
/home/shanjinshuo/fno_kerr/kerr_project/outputs/benchmark_track_a_v1/phase_i_wave4_bilstm_20260913/train_t2399/best_model.pt,outputs/benchmark_track_a_v1/phase_i_wave4_bilstm_20260913/train_t2399/best_model.pt,track_a,best_checkpoint,RECOMMENDED_UPLOAD,optional_package,4384736,4386816,ZIP_CRC_OK,04_best_checkpoints/track_a/phase_i_wave4_bilstm_20260913/train_t2399/best_model.pt,ab47bfadf48bfb4efc8570bd32ca75d2e4482adc47c981863dd468150f8450f7,current_file_verified_against_record,,
/home/shanjinshuo/fno_kerr/kerr_project/outputs/benchmark_track_a_v1/phase_i_wave4_bilstm_20260913/train_t2399/epoch_0025.pt,outputs/benchmark_track_a_v1/phase_i_wave4_bilstm_20260913/train_t2399/epoch_0025.pt,track_a,intermediate_checkpoint,DO_NOT_UPLOAD,retain_on_server,17537711,17539072,EXISTS,,d4a2e74e15c6f2446bd74b1df87aa48a39eaf09763009408fc5512f1a45a0571,previously_recorded_not_rehashed,,
/home/shanjinshuo/fno_kerr/kerr_project/outputs/benchmark_track_a_v1/phase_i_wave4_bilstm_20260913/train_t2399/epoch_0050.pt,outputs/benchmark_track_a_v1/phase_i_wave4_bilstm_20260913/train_t2399/epoch_0050.pt,track_a,intermediate_checkpoint,DO_NOT_UPLOAD,retain_on_server,17538863,17539072,EXISTS,,a9e62d9e9bfb1e37af15fbdf3564de624d02042e741234d3b698a711f8fcf754,previously_recorded_not_rehashed,,
/home/shanjinshuo/fno_kerr/kerr_project/outputs/benchmark_track_a_v1/phase_i_wave4_bilstm_20260913/train_t2399/epoch_0075.pt,outputs/benchmark_track_a_v1/phase_i_wave4_bilstm_20260913/train_t2399/epoch_0075.pt,track_a,intermediate_checkpoint,DO_NOT_UPLOAD,retain_on_server,17539951,17543168,EXISTS,,8d8a2f66ae22430393c3c9c9b8bae5944a073da8af40a3ddec6fde55616c228d,previously_recorded_not_rehashed,,
/home/shanjinshuo/fno_kerr/kerr_project/outputs/benchmark_track_a_v1/phase_i_wave4_bilstm_20260913/train_t2399/epoch_0100.pt,outputs/benchmark_track_a_v1/phase_i_wave4_bilstm_20260913/train_t2399/epoch_0100.pt,track_a,intermediate_checkpoint,DO_NOT_UPLOAD,retain_on_server,17542255,17543168,EXISTS,,16d1ef3ca43e5bc1dfaaeb78e8863e250256c6507468ed2f58b3b72593a17e18,previously_recorded_not_rehashed,,
/home/shanjinshuo/fno_kerr/kerr_project/outputs/benchmark_track_a_v1/phase_i_wave4_bilstm_20260913/train_t2399/epoch_0125.pt,outputs/benchmark_track_a_v1/phase_i_wave4_bilstm_20260913/train_t2399/epoch_0125.pt,track_a,intermediate_checkpoint,DO_NOT_UPLOAD,retain_on_server,17543407,17547264,EXISTS,,ee83259044303c83dc70b6b305916657ae2bd3c229fedf83c2b35614db918f59,previously_recorded_not_rehashed,,
/home/shanjinshuo/fno_kerr/kerr_project/outputs/benchmark_track_a_v1/phase_i_wave4_bilstm_20260913/train_t2399/epoch_0150.pt,outputs/benchmark_track_a_v1/phase_i_wave4_bilstm_20260913/train_t2399/epoch_0150.pt,track_a,intermediate_checkpoint,DO_NOT_UPLOAD,retain_on_server,17544559,17547264,EXISTS,,aa32c7961e5b70708d8aff67e5885e0a08769190ff511ee0c52884b67578f336,previously_recorded_not_rehashed,,
/home/shanjinshuo/fno_kerr/kerr_project/outputs/benchmark_track_a_v1/phase_i_wave4_bilstm_20260913/train_t2399/epoch_0175.pt,outputs/benchmark_track_a_v1/phase_i_wave4_bilstm_20260913/train_t2399/epoch_0175.pt,track_a,intermediate_checkpoint,DO_NOT_UPLOAD,retain_on_server,17545647,17547264,EXISTS,,e1f50998cdb6474313b1a81b4774960a288682c9469b225eaf9767bbaf51968c,previously_recorded_not_rehashed,,
/home/shanjinshuo/fno_kerr/kerr_project/outputs/benchmark_track_a_v1/phase_i_wave4_bilstm_20260913/train_t2399/epoch_0200.pt,outputs/benchmark_track_a_v1/phase_i_wave4_bilstm_20260913/train_t2399/epoch_0200.pt,track_a,intermediate_checkpoint,DO_NOT_UPLOAD,retain_on_server,17546799,17547264,EXISTS,,88da7044a00451a1f37dceaee554a5476ec822f664e2880d32f5b97c3f221a24,previously_recorded_not_rehashed,,
/home/shanjinshuo/fno_kerr/kerr_project/outputs/benchmark_track_a_v1/phase_i_wave4_bilstm_20260913/train_t2399/epoch_0225.pt,outputs/benchmark_track_a_v1/phase_i_wave4_bilstm_20260913/train_t2399/epoch_0225.pt,track_a,intermediate_checkpoint,DO_NOT_UPLOAD,retain_on_server,17547887,17551360,EXISTS,,d9b76bd95191869cbe9ae0a7f34cc2cb02d3e5edeb9cc117f90784e432180448,previously_recorded_not_rehashed,,
/home/shanjinshuo/fno_kerr/kerr_project/outputs/benchmark_track_a_v1/phase_i_wave4_bilstm_20260913/train_t2399/epoch_0250.pt,outputs/benchmark_track_a_v1/phase_i_wave4_bilstm_20260913/train_t2399/epoch_0250.pt,track_a,intermediate_checkpoint,DO_NOT_UPLOAD,retain_on_server,17549039,17551360,EXISTS,,a390d611aa962f7c5991a0559ae3a22b798875aa77a4c336a8b5474ef5bc841e,previously_recorded_not_rehashed,,
/home/shanjinshuo/fno_kerr/kerr_project/outputs/benchmark_track_a_v1/phase_i_wave4_bilstm_20260913/train_t2399/epoch_0275.pt,outputs/benchmark_track_a_v1/phase_i_wave4_bilstm_20260913/train_t2399/epoch_0275.pt,track_a,intermediate_checkpoint,DO_NOT_UPLOAD,retain_on_server,17550191,17551360,EXISTS,,bb8f3d460daae8ae8600bd58e419f96faaeea8a355882631f4977ebf071cf4b7,previously_recorded_not_rehashed,,
/home/shanjinshuo/fno_kerr/kerr_project/outputs/benchmark_track_a_v1/phase_i_wave4_bilstm_20260913/train_t2399/epoch_0300.pt,outputs/benchmark_track_a_v1/phase_i_wave4_bilstm_20260913/train_t2399/epoch_0300.pt,track_a,intermediate_checkpoint,DO_NOT_UPLOAD,retain_on_server,17551343,17551360,EXISTS,,03e735ae524cfa86e7eb8a180b24eafc0148ab899b012243f0dacab1f5061620,previously_recorded_not_rehashed,,
/home/shanjinshuo/fno_kerr/kerr_project/outputs/benchmark_track_a_v1/phase_i_wave4_bilstm_20260913/train_t2399/epoch_0325.pt,outputs/benchmark_track_a_v1/phase_i_wave4_bilstm_20260913/train_t2399/epoch_0325.pt,track_a,intermediate_checkpoint,DO_NOT_UPLOAD,retain_on_server,17552495,17555456,EXISTS,,a7e8eeaa849e6ba311243f9d73e6c99d6b53ba44ebf7c61f3e03c26aec6241e2,previously_recorded_not_rehashed,,
/home/shanjinshuo/fno_kerr/kerr_project/outputs/benchmark_track_a_v1/phase_i_wave4_bilstm_20260913/train_t2399/epoch_0350.pt,outputs/benchmark_track_a_v1/phase_i_wave4_bilstm_20260913/train_t2399/epoch_0350.pt,track_a,intermediate_checkpoint,DO_NOT_UPLOAD,retain_on_server,17553647,17555456,EXISTS,,89fffd0826b9d7488450ae200c2ac450ef76e49052e41a2bea0574225de9a0ec,previously_recorded_not_rehashed,,
/home/shanjinshuo/fno_kerr/kerr_project/outputs/benchmark_track_a_v1/phase_i_wave4_bilstm_20260913/train_t2399/epoch_0375.pt,outputs/benchmark_track_a_v1/phase_i_wave4_bilstm_20260913/train_t2399/epoch_0375.pt,track_a,intermediate_checkpoint,DO_NOT_UPLOAD,retain_on_server,17554799,17555456,EXISTS,,295a7bb0c2aa22cd78cbe250e32c505efb1d046a820c0c6ea55d68afd29d6f22,previously_recorded_not_rehashed,,
/home/shanjinshuo/fno_kerr/kerr_project/outputs/benchmark_track_a_v1/phase_i_wave4_bilstm_20260913/train_t2399/epoch_0400.pt,outputs/benchmark_track_a_v1/phase_i_wave4_bilstm_20260913/train_t2399/epoch_0400.pt,track_a,intermediate_checkpoint,DO_NOT_UPLOAD,retain_on_server,17555951,17559552,EXISTS,,6f1d2a91755e088dd74501205d52fa97d8f5e3ecb2218d8374a13f41f7e69829,previously_recorded_not_rehashed,,
/home/shanjinshuo/fno_kerr/kerr_project/outputs/benchmark_track_a_v1/phase_i_wave4_bilstm_20260913/train_t2399/epoch_0425.pt,outputs/benchmark_track_a_v1/phase_i_wave4_bilstm_20260913/train_t2399/epoch_0425.pt,track_a,intermediate_checkpoint,DO_NOT_UPLOAD,retain_on_server,17557103,17559552,EXISTS,,2dbe0723bb82cd405d95985711dcb5856fb2b919d5023db61f6e80cc1f7fd741,previously_recorded_not_rehashed,,
/home/shanjinshuo/fno_kerr/kerr_project/outputs/benchmark_track_a_v1/phase_i_wave4_bilstm_20260913/train_t2399/epoch_0450.pt,outputs/benchmark_track_a_v1/phase_i_wave4_bilstm_20260913/train_t2399/epoch_0450.pt,track_a,intermediate_checkpoint,DO_NOT_UPLOAD,retain_on_server,17558255,17559552,EXISTS,,ec52ba74f56db4ce02b8c92b2946533aad6e1f723da0a893ab326d5111b420fd,previously_recorded_not_rehashed,,
/home/shanjinshuo/fno_kerr/kerr_project/outputs/benchmark_track_a_v1/phase_i_wave4_bilstm_20260913/train_t2399/epoch_0475.pt,outputs/benchmark_track_a_v1/phase_i_wave4_bilstm_20260913/train_t2399/epoch_0475.pt,track_a,intermediate_checkpoint,DO_NOT_UPLOAD,retain_on_server,17559407,17559552,EXISTS,,d4911becafcecccf372d83736325207dc419bb29345918e23a36981b95638db7,previously_recorded_not_rehashed,,
/home/shanjinshuo/fno_kerr/kerr_project/outputs/benchmark_track_a_v1/phase_i_wave4_bilstm_20260913/train_t2399/epoch_0500.pt,outputs/benchmark_track_a_v1/phase_i_wave4_bilstm_20260913/train_t2399/epoch_0500.pt,track_a,intermediate_checkpoint,DO_NOT_UPLOAD,retain_on_server,17560559,17563648,EXISTS,,3399dc533e4d927f090f05ec1bff96a1606a731cd23c84e7ac09c29e41662aac,previously_recorded_not_rehashed,,
/home/shanjinshuo/fno_kerr/kerr_project/outputs/benchmark_track_a_v1/phase_i_wave4_bilstm_20260913/train_t2399/run.json,outputs/benchmark_track_a_v1/phase_i_wave4_bilstm_20260913/train_t2399/run.json,track_a,provenance_summary,RECOMMENDED_UPLOAD,optional_package,5525,8192,JSON_READABLE,03_track_a_benchmark/phase_i_wave4_bilstm_20260913/train_t2399/run.json,7e19f769af6af7d54b4b1a4ecae3067b9fe3e59875eff122338e5521dd445087,current_file_verified_against_record,,
/home/shanjinshuo/fno_kerr/kerr_project/outputs/benchmark_track_a_v1/phase_i_wave4_bilstm_20260913/train_t2399/summary.json,outputs/benchmark_track_a_v1/phase_i_wave4_bilstm_20260913/train_t2399/summary.json,track_a,provenance_summary,RECOMMENDED_UPLOAD,optional_package,100684,102400,JSON_READABLE,03_track_a_benchmark/phase_i_wave4_bilstm_20260913/train_t2399/summary.json,93208a8df60c421d0b428f0aaa4ede984cf265b8c878e258afda27e033ad5936,current_file_verified_against_record,,
/home/shanjinshuo/fno_kerr/kerr_project/outputs/benchmark_track_a_v1/phase_i_wave4_bilstm_20260913/train_t2399.log,outputs/benchmark_track_a_v1/phase_i_wave4_bilstm_20260913/train_t2399.log,track_a,runtime_log,DO_NOT_UPLOAD,retain_on_server,95162,98304,EXISTS,,113c6643e845c493c9e2d622c678f8236eeac6501a8ff03229e0728e30739f10,current_file_verified_against_record,,
/home/shanjinshuo/fno_kerr/kerr_project/outputs/benchmark_track_a_v1/phase_i_wave4_bilstm_20260913/train_t2399_exit.json,outputs/benchmark_track_a_v1/phase_i_wave4_bilstm_20260913/train_t2399_exit.json,track_a,provenance_summary,RECOMMENDED_UPLOAD,optional_package,115,4096,JSON_READABLE,03_track_a_benchmark/phase_i_wave4_bilstm_20260913/train_t2399_exit.json,affec3988861b9d2442a0d5a202042b3d9b7f9d22894a8deac8eec0ff87cebe0,current_file_verified_against_record,,
/home/shanjinshuo/fno_kerr/kerr_project/outputs/benchmark_track_a_v1/phase_i_wave4_bilstm_20260913/train_t2399_start.json,outputs/benchmark_track_a_v1/phase_i_wave4_bilstm_20260913/train_t2399_start.json,track_a,provenance_summary,RECOMMENDED_UPLOAD,optional_package,617,4096,JSON_READABLE,03_track_a_benchmark/phase_i_wave4_bilstm_20260913/train_t2399_start.json,4dd006be68f4b223037a13cc749667c639040c0d0a18a91bdbe25618eeee5208,current_file_verified_against_record,,
/home/shanjinshuo/fno_kerr/kerr_project/outputs/benchmark_track_a_v1/phase_i_wave4_bilstm_20260913/wave_execution.json,outputs/benchmark_track_a_v1/phase_i_wave4_bilstm_20260913/wave_execution.json,track_a,provenance_summary,RECOMMENDED_UPLOAD,optional_package,399254,401408,JSON_READABLE,03_track_a_benchmark/phase_i_wave4_bilstm_20260913/wave_execution.json,315537e5c3a0706117490361e999e0c405e1d39c50e8b1ba407d972b11f3aa8e,current_file_verified_against_record,,
/home/shanjinshuo/fno_kerr/kerr_project/outputs/benchmark_track_a_v1/phase_i_wave4_bilstm_20260913/workflow_t1200.log,outputs/benchmark_track_a_v1/phase_i_wave4_bilstm_20260913/workflow_t1200.log,track_a,runtime_log,DO_NOT_UPLOAD,retain_on_server,0,0,EMPTY_NON_RESULT_FILE,,e3b0c44298fc1c149afbf4c8996fb92427ae41e4649b934ca495991b7852b855,previously_recorded_not_rehashed,outputs/benchmark_track_a_v1/phase_i_wave3_timesnet_20260913/workflow_t1200.log,
/home/shanjinshuo/fno_kerr/kerr_project/outputs/benchmark_track_a_v1/phase_i_wave4_bilstm_20260913/workflow_t1200_complete.json,outputs/benchmark_track_a_v1/phase_i_wave4_bilstm_20260913/workflow_t1200_complete.json,track_a,provenance_summary,RECOMMENDED_UPLOAD,optional_package,118,4096,JSON_READABLE,03_track_a_benchmark/phase_i_wave4_bilstm_20260913/workflow_t1200_complete.json,1c6d2e5bccc707f97aa393b8ef12ad08011ce3a2d6f65d496cb1767e6fb37967,current_file_verified_against_record,,
/home/shanjinshuo/fno_kerr/kerr_project/outputs/benchmark_track_a_v1/phase_i_wave4_bilstm_20260913/workflow_t1200_start.json,outputs/benchmark_track_a_v1/phase_i_wave4_bilstm_20260913/workflow_t1200_start.json,track_a,provenance_summary,RECOMMENDED_UPLOAD,optional_package,211,4096,JSON_READABLE,03_track_a_benchmark/phase_i_wave4_bilstm_20260913/workflow_t1200_start.json,d3e84dbbe00f88fb8aca1857b2d6102b104385d3512fd7cadb92d8a002bd09f2,current_file_verified_against_record,,
/home/shanjinshuo/fno_kerr/kerr_project/outputs/benchmark_track_a_v1/phase_i_wave4_bilstm_20260913/workflow_t2399.log,outputs/benchmark_track_a_v1/phase_i_wave4_bilstm_20260913/workflow_t2399.log,track_a,runtime_log,DO_NOT_UPLOAD,retain_on_server,0,0,EMPTY_NON_RESULT_FILE,,e3b0c44298fc1c149afbf4c8996fb92427ae41e4649b934ca495991b7852b855,previously_recorded_not_rehashed,outputs/benchmark_track_a_v1/phase_i_wave3_timesnet_20260913/workflow_t1200.log,
/home/shanjinshuo/fno_kerr/kerr_project/outputs/benchmark_track_a_v1/phase_i_wave4_bilstm_20260913/workflow_t2399_complete.json,outputs/benchmark_track_a_v1/phase_i_wave4_bilstm_20260913/workflow_t2399_complete.json,track_a,provenance_summary,RECOMMENDED_UPLOAD,optional_package,118,4096,JSON_READABLE,03_track_a_benchmark/phase_i_wave4_bilstm_20260913/workflow_t2399_complete.json,8083fcfe9a7a7b2a600b03637fd3aafcfdfc4126f36d0773c20432f0622cd7be,current_file_verified_against_record,,
/home/shanjinshuo/fno_kerr/kerr_project/outputs/benchmark_track_a_v1/phase_i_wave4_bilstm_20260913/workflow_t2399_start.json,outputs/benchmark_track_a_v1/phase_i_wave4_bilstm_20260913/workflow_t2399_start.json,track_a,provenance_summary,RECOMMENDED_UPLOAD,optional_package,205,4096,JSON_READABLE,03_track_a_benchmark/phase_i_wave4_bilstm_20260913/workflow_t2399_start.json,ed17f9a2f5bcf4c8d6df5bea4a61931db9abb2368e98a23402766f747d3ad83d,current_file_verified_against_record,,
/home/shanjinshuo/fno_kerr/kerr_project/outputs/benchmark_track_a_v1/phase_i_wave5_transformer_20260913/eval_t1200/matrix.json,outputs/benchmark_track_a_v1/phase_i_wave5_transformer_20260913/eval_t1200/matrix.json,track_a,metrics_metadata,MUST_UPLOAD,primary_package,403179,405504,JSON_READABLE,03_track_a_benchmark/phase_i_wave5_transformer_20260913/eval_t1200/matrix.json,f549ed120a312085794d506a0765b3dcb298a5adba09e4bf8dbbe05a76753b96,current_file_verified_against_record,,
/home/shanjinshuo/fno_kerr/kerr_project/outputs/benchmark_track_a_v1/phase_i_wave5_transformer_20260913/eval_t1200/metrics_t1200.json,outputs/benchmark_track_a_v1/phase_i_wave5_transformer_20260913/eval_t1200/metrics_t1200.json,track_a,metrics_metadata,MUST_UPLOAD,primary_package,86301,90112,JSON_READABLE,03_track_a_benchmark/phase_i_wave5_transformer_20260913/eval_t1200/metrics_t1200.json,bcfbca6b3cbc68a3cdf83c1bd1c0205a5b9e9fa5ca3beda8b78df3dfac7e76fb,current_file_verified_against_record,,
/home/shanjinshuo/fno_kerr/kerr_project/outputs/benchmark_track_a_v1/phase_i_wave5_transformer_20260913/eval_t1200/metrics_t2399.json,outputs/benchmark_track_a_v1/phase_i_wave5_transformer_20260913/eval_t1200/metrics_t2399.json,track_a,metrics_metadata,MUST_UPLOAD,primary_package,86310,90112,JSON_READABLE,03_track_a_benchmark/phase_i_wave5_transformer_20260913/eval_t1200/metrics_t2399.json,6dc88519672289a56f4888d1828121edfce6739a469c963d8dc7927c7a17cd99,current_file_verified_against_record,,
/home/shanjinshuo/fno_kerr/kerr_project/outputs/benchmark_track_a_v1/phase_i_wave5_transformer_20260913/eval_t1200/metrics_t3598.json,outputs/benchmark_track_a_v1/phase_i_wave5_transformer_20260913/eval_t1200/metrics_t3598.json,track_a,metrics_metadata,MUST_UPLOAD,primary_package,86315,90112,JSON_READABLE,03_track_a_benchmark/phase_i_wave5_transformer_20260913/eval_t1200/metrics_t3598.json,385862957501677d7d6fce3d282087aafd3dff8e348b4e6ef12ccc73fa30e960,current_file_verified_against_record,,
/home/shanjinshuo/fno_kerr/kerr_project/outputs/benchmark_track_a_v1/phase_i_wave5_transformer_20260913/eval_t1200/metrics_t4797.json,outputs/benchmark_track_a_v1/phase_i_wave5_transformer_20260913/eval_t1200/metrics_t4797.json,track_a,metrics_metadata,MUST_UPLOAD,primary_package,86315,90112,JSON_READABLE,03_track_a_benchmark/phase_i_wave5_transformer_20260913/eval_t1200/metrics_t4797.json,8bc5972447aeec2376ae862b73084139d68c58c2f3426780c3c30c35b84883e7,current_file_verified_against_record,,
/home/shanjinshuo/fno_kerr/kerr_project/outputs/benchmark_track_a_v1/phase_i_wave5_transformer_20260913/eval_t1200/prediction_t1200.npz,outputs/benchmark_track_a_v1/phase_i_wave5_transformer_20260913/eval_t1200/prediction_t1200.npz,track_a,final_prediction,MUST_UPLOAD,primary_package,5325712,5328896,ZIP_CRC_OK,03_track_a_benchmark/phase_i_wave5_transformer_20260913/eval_t1200/prediction_t1200.npz,1d306f88191c723679521392229dbf77d8217d26ee8ad9327b3558327c7ce267,current_file_verified_against_record,,
/home/shanjinshuo/fno_kerr/kerr_project/outputs/benchmark_track_a_v1/phase_i_wave5_transformer_20260913/eval_t1200/prediction_t2399.npz,outputs/benchmark_track_a_v1/phase_i_wave5_transformer_20260913/eval_t1200/prediction_t2399.npz,track_a,final_prediction,MUST_UPLOAD,primary_package,10630864,10633216,ZIP_CRC_OK,03_track_a_benchmark/phase_i_wave5_transformer_20260913/eval_t1200/prediction_t2399.npz,0ac051f8f2b3eeb051865752b4e03f75578f0abf35fb744ce177d0e04bbc9d1f,current_file_verified_against_record,,
/home/shanjinshuo/fno_kerr/kerr_project/outputs/benchmark_track_a_v1/phase_i_wave5_transformer_20260913/eval_t1200/prediction_t3598.npz,outputs/benchmark_track_a_v1/phase_i_wave5_transformer_20260913/eval_t1200/prediction_t3598.npz,track_a,final_prediction,MUST_UPLOAD,primary_package,15918121,15921152,ZIP_CRC_OK,03_track_a_benchmark/phase_i_wave5_transformer_20260913/eval_t1200/prediction_t3598.npz,cfc0663d615018fe2dcc80b52cd1fd8191e684040e90dba007be5a2427479071,current_file_verified_against_record,,
/home/shanjinshuo/fno_kerr/kerr_project/outputs/benchmark_track_a_v1/phase_i_wave5_transformer_20260913/eval_t1200/prediction_t4797.npz,outputs/benchmark_track_a_v1/phase_i_wave5_transformer_20260913/eval_t1200/prediction_t4797.npz,track_a,final_prediction,MUST_UPLOAD,primary_package,21184361,21184512,ZIP_CRC_OK,03_track_a_benchmark/phase_i_wave5_transformer_20260913/eval_t1200/prediction_t4797.npz,16885f0b6137ea85882c005b79fc624e3e10d349fc2c0fa73041f800a22105ca,current_file_verified_against_record,,
/home/shanjinshuo/fno_kerr/kerr_project/outputs/benchmark_track_a_v1/phase_i_wave5_transformer_20260913/eval_t2399/matrix.json,outputs/benchmark_track_a_v1/phase_i_wave5_transformer_20260913/eval_t2399/matrix.json,track_a,metrics_metadata,MUST_UPLOAD,primary_package,403156,405504,JSON_READABLE,03_track_a_benchmark/phase_i_wave5_transformer_20260913/eval_t2399/matrix.json,f6acfbec79f8d0859a49a33a422f0ec8593db5f786b8ff770048edc8125eb11f,current_file_verified_against_record,,
/home/shanjinshuo/fno_kerr/kerr_project/outputs/benchmark_track_a_v1/phase_i_wave5_transformer_20260913/eval_t2399/metrics_t1200.json,outputs/benchmark_track_a_v1/phase_i_wave5_transformer_20260913/eval_t2399/metrics_t1200.json,track_a,metrics_metadata,MUST_UPLOAD,primary_package,86295,90112,JSON_READABLE,03_track_a_benchmark/phase_i_wave5_transformer_20260913/eval_t2399/metrics_t1200.json,583a03464fe606da4ccbe4a2050fd2eea21875ee7975d137aab7ab1a8a74584f,current_file_verified_against_record,,
/home/shanjinshuo/fno_kerr/kerr_project/outputs/benchmark_track_a_v1/phase_i_wave5_transformer_20260913/eval_t2399/metrics_t2399.json,outputs/benchmark_track_a_v1/phase_i_wave5_transformer_20260913/eval_t2399/metrics_t2399.json,track_a,metrics_metadata,MUST_UPLOAD,primary_package,86307,90112,JSON_READABLE,03_track_a_benchmark/phase_i_wave5_transformer_20260913/eval_t2399/metrics_t2399.json,c595da754e4c3896fc8ed8a77506a3da89d0ebe593b9f4628df423410ec50fd7,current_file_verified_against_record,,
/home/shanjinshuo/fno_kerr/kerr_project/outputs/benchmark_track_a_v1/phase_i_wave5_transformer_20260913/eval_t2399/metrics_t3598.json,outputs/benchmark_track_a_v1/phase_i_wave5_transformer_20260913/eval_t2399/metrics_t3598.json,track_a,metrics_metadata,MUST_UPLOAD,primary_package,86307,90112,JSON_READABLE,03_track_a_benchmark/phase_i_wave5_transformer_20260913/eval_t2399/metrics_t3598.json,7baa7015f31d43814a6620f6d167c552e1ea457ecfde3d7ad31f54078b8bb5bf,current_file_verified_against_record,,
/home/shanjinshuo/fno_kerr/kerr_project/outputs/benchmark_track_a_v1/phase_i_wave5_transformer_20260913/eval_t2399/metrics_t4797.json,outputs/benchmark_track_a_v1/phase_i_wave5_transformer_20260913/eval_t2399/metrics_t4797.json,track_a,metrics_metadata,MUST_UPLOAD,primary_package,86310,90112,JSON_READABLE,03_track_a_benchmark/phase_i_wave5_transformer_20260913/eval_t2399/metrics_t4797.json,4643049a92d1284307185d68d5a5a7b568ac243d72468789a84fe1307e610907,current_file_verified_against_record,,
/home/shanjinshuo/fno_kerr/kerr_project/outputs/benchmark_track_a_v1/phase_i_wave5_transformer_20260913/eval_t2399/prediction_t1200.npz,outputs/benchmark_track_a_v1/phase_i_wave5_transformer_20260913/eval_t2399/prediction_t1200.npz,track_a,final_prediction,MUST_UPLOAD,primary_package,5327137,5328896,ZIP_CRC_OK,03_track_a_benchmark/phase_i_wave5_transformer_20260913/eval_t2399/prediction_t1200.npz,6f949f8af37d4f546cf8469f4f1db69050d319df0c328674a5aa87610b68f2b2,current_file_verified_against_record,,
/home/shanjinshuo/fno_kerr/kerr_project/outputs/benchmark_track_a_v1/phase_i_wave5_transformer_20260913/eval_t2399/prediction_t2399.npz,outputs/benchmark_track_a_v1/phase_i_wave5_transformer_20260913/eval_t2399/prediction_t2399.npz,track_a,final_prediction,MUST_UPLOAD,primary_package,10632738,10633216,ZIP_CRC_OK,03_track_a_benchmark/phase_i_wave5_transformer_20260913/eval_t2399/prediction_t2399.npz,03c8b2dbe68117f4e601342aa7a00c8e67ca0fb603b0a3a43235dfd8aa7e0e5b,current_file_verified_against_record,,
/home/shanjinshuo/fno_kerr/kerr_project/outputs/benchmark_track_a_v1/phase_i_wave5_transformer_20260913/eval_t2399/prediction_t3598.npz,outputs/benchmark_track_a_v1/phase_i_wave5_transformer_20260913/eval_t2399/prediction_t3598.npz,track_a,final_prediction,MUST_UPLOAD,primary_package,15920931,15921152,ZIP_CRC_OK,03_track_a_benchmark/phase_i_wave5_transformer_20260913/eval_t2399/prediction_t3598.npz,ebea16084174618eaa01f888727608eb4a7184fc6b0c89eb470d617904c4df0d,current_file_verified_against_record,,
/home/shanjinshuo/fno_kerr/kerr_project/outputs/benchmark_track_a_v1/phase_i_wave5_transformer_20260913/eval_t2399/prediction_t4797.npz,outputs/benchmark_track_a_v1/phase_i_wave5_transformer_20260913/eval_t2399/prediction_t4797.npz,track_a,final_prediction,MUST_UPLOAD,primary_package,21188431,21188608,ZIP_CRC_OK,03_track_a_benchmark/phase_i_wave5_transformer_20260913/eval_t2399/prediction_t4797.npz,ff0263565730dbd5acee441de67ccee1c6c1515c614e8bed81db423e8d3993bb,current_file_verified_against_record,,
/home/shanjinshuo/fno_kerr/kerr_project/outputs/benchmark_track_a_v1/phase_i_wave5_transformer_20260913/evaluate_t2399.log,outputs/benchmark_track_a_v1/phase_i_wave5_transformer_20260913/evaluate_t2399.log,track_a,runtime_log,DO_NOT_UPLOAD,retain_on_server,403156,405504,EXISTS,,f6acfbec79f8d0859a49a33a422f0ec8593db5f786b8ff770048edc8125eb11f,current_file_verified_against_record,outputs/benchmark_track_a_v1/phase_i_wave5_transformer_20260913/eval_t2399/matrix.json,
/home/shanjinshuo/fno_kerr/kerr_project/outputs/benchmark_track_a_v1/phase_i_wave5_transformer_20260913/evaluate_t2399_exit.json,outputs/benchmark_track_a_v1/phase_i_wave5_transformer_20260913/evaluate_t2399_exit.json,track_a,provenance_summary,RECOMMENDED_UPLOAD,optional_package,118,4096,JSON_READABLE,03_track_a_benchmark/phase_i_wave5_transformer_20260913/evaluate_t2399_exit.json,1b2f853210ed2bfb89c028220a7f0d2b55b05077d3ed0955f468467f9d3855eb,current_file_verified_against_record,,
/home/shanjinshuo/fno_kerr/kerr_project/outputs/benchmark_track_a_v1/phase_i_wave5_transformer_20260913/evaluate_t2399_start.json,outputs/benchmark_track_a_v1/phase_i_wave5_transformer_20260913/evaluate_t2399_start.json,track_a,provenance_summary,RECOMMENDED_UPLOAD,optional_package,717,4096,JSON_READABLE,03_track_a_benchmark/phase_i_wave5_transformer_20260913/evaluate_t2399_start.json,ec51f08dc9c7d053ddea383f82d5758a3549193adaf44b607ba31f622f4fedbf,current_file_verified_against_record,,
/home/shanjinshuo/fno_kerr/kerr_project/outputs/benchmark_track_a_v1/phase_i_wave5_transformer_20260913/launch_t1200.json,outputs/benchmark_track_a_v1/phase_i_wave5_transformer_20260913/launch_t1200.json,track_a,provenance_summary,RECOMMENDED_UPLOAD,optional_package,761,4096,JSON_READABLE,03_track_a_benchmark/phase_i_wave5_transformer_20260913/launch_t1200.json,85b4a673185788d8e0af3d89bdb5a016a7e0276db8c0ccfb055e971d066956ef,current_file_verified_against_record,,
/home/shanjinshuo/fno_kerr/kerr_project/outputs/benchmark_track_a_v1/phase_i_wave5_transformer_20260913/launch_t2399.json,outputs/benchmark_track_a_v1/phase_i_wave5_transformer_20260913/launch_t2399.json,track_a,provenance_summary,RECOMMENDED_UPLOAD,optional_package,761,4096,JSON_READABLE,03_track_a_benchmark/phase_i_wave5_transformer_20260913/launch_t2399.json,21ee0ed8eea2f460b093c07e697ac9d86e7357cac6a8568a7611c96a9bad36bd,current_file_verified_against_record,,
/home/shanjinshuo/fno_kerr/kerr_project/outputs/benchmark_track_a_v1/phase_i_wave5_transformer_20260913/resume_t1200_from_epoch0225_20260913/early_resume_validation.json,outputs/benchmark_track_a_v1/phase_i_wave5_transformer_20260913/resume_t1200_from_epoch0225_20260913/early_resume_validation.json,track_a,launch_diagnostic,INDEX_ONLY,documentation_only,1155,4096,JSON_READABLE,,ac659f82ac2ee12b294815f5174c67a9d3c4bb0e3c1bbf0d5171feb26a2b0941,current_file_verified_against_record,,Recovery documentation only; no failure payload in primary package.
/home/shanjinshuo/fno_kerr/kerr_project/outputs/benchmark_track_a_v1/phase_i_wave5_transformer_20260913/resume_t1200_from_epoch0225_20260913/evaluate.log,outputs/benchmark_track_a_v1/phase_i_wave5_transformer_20260913/resume_t1200_from_epoch0225_20260913/evaluate.log,track_a,runtime_log,DO_NOT_UPLOAD,documentation_only,403179,405504,EXISTS,,f549ed120a312085794d506a0765b3dcb298a5adba09e4bf8dbbe05a76753b96,current_file_verified_against_record,outputs/benchmark_track_a_v1/phase_i_wave5_transformer_20260913/eval_t1200/matrix.json,Recovery documentation only; no failure payload in primary package.
/home/shanjinshuo/fno_kerr/kerr_project/outputs/benchmark_track_a_v1/phase_i_wave5_transformer_20260913/resume_t1200_from_epoch0225_20260913/evaluate_exit.json,outputs/benchmark_track_a_v1/phase_i_wave5_transformer_20260913/resume_t1200_from_epoch0225_20260913/evaluate_exit.json,track_a,provenance_summary,RECOMMENDED_UPLOAD,documentation_only,105,4096,JSON_READABLE,03_track_a_benchmark/phase_i_wave5_transformer_20260913/resume_t1200_from_epoch0225_20260913/evaluate_exit.json,c8466fbbc046f5836a0e3211e9c0c0dba3276f8fe475f822d88bbdadb071badc,current_file_verified_against_record,,Recovery documentation only; no failure payload in primary package.
/home/shanjinshuo/fno_kerr/kerr_project/outputs/benchmark_track_a_v1/phase_i_wave5_transformer_20260913/resume_t1200_from_epoch0225_20260913/evaluate_start.json,outputs/benchmark_track_a_v1/phase_i_wave5_transformer_20260913/resume_t1200_from_epoch0225_20260913/evaluate_start.json,track_a,provenance_summary,RECOMMENDED_UPLOAD,documentation_only,727,4096,JSON_READABLE,03_track_a_benchmark/phase_i_wave5_transformer_20260913/resume_t1200_from_epoch0225_20260913/evaluate_start.json,af1d45f5047a35caf175fa6929d835ccb49a66e40899cf526969d153e98ae343,current_file_verified_against_record,,Recovery documentation only; no failure payload in primary package.
/home/shanjinshuo/fno_kerr/kerr_project/outputs/benchmark_track_a_v1/phase_i_wave5_transformer_20260913/resume_t1200_from_epoch0225_20260913/evidence_relocation_completed.json,outputs/benchmark_track_a_v1/phase_i_wave5_transformer_20260913/resume_t1200_from_epoch0225_20260913/evidence_relocation_completed.json,track_a,provenance_summary,RECOMMENDED_UPLOAD,documentation_only,166,4096,JSON_READABLE,03_track_a_benchmark/phase_i_wave5_transformer_20260913/resume_t1200_from_epoch0225_20260913/evidence_relocation_completed.json,4ee4f0dbf1f62bf5b79e890921cd1781db8a5599d5a91229fd47e4df13fc0c1e,current_file_verified_against_record,,Recovery documentation only; no failure payload in primary package.
/home/shanjinshuo/fno_kerr/kerr_project/outputs/benchmark_track_a_v1/phase_i_wave5_transformer_20260913/resume_t1200_from_epoch0225_20260913/failure_artifacts/epoch_0250.zero_byte.original_20260913T143409_731829.pt,outputs/benchmark_track_a_v1/phase_i_wave5_transformer_20260913/resume_t1200_from_epoch0225_20260913/failure_artifacts/epoch_0250.zero_byte.original_20260913T143409_731829.pt,track_a,intermediate_checkpoint,DO_NOT_UPLOAD,documentation_only,0,0,PRESERVED_ZERO_BYTE_FAILURE_EVIDENCE,,e3b0c44298fc1c149afbf4c8996fb92427ae41e4649b934ca495991b7852b855,previously_recorded_not_rehashed,outputs/benchmark_track_a_v1/phase_i_wave3_timesnet_20260913/workflow_t1200.log,"Preserved incident evidence, not an active checkpoint or success record."
/home/shanjinshuo/fno_kerr/kerr_project/outputs/benchmark_track_a_v1/phase_i_wave5_transformer_20260913/resume_t1200_from_epoch0225_20260913/launch.json,outputs/benchmark_track_a_v1/phase_i_wave5_transformer_20260913/resume_t1200_from_epoch0225_20260913/launch.json,track_a,provenance_summary,RECOMMENDED_UPLOAD,documentation_only,832,4096,JSON_READABLE,03_track_a_benchmark/phase_i_wave5_transformer_20260913/resume_t1200_from_epoch0225_20260913/launch.json,28acbd6a2e50b9a5dd6727dd754a7426899fca67680b9dc0f84cbc355b6e0edf,current_file_verified_against_record,,Recovery documentation only; no failure payload in primary package.
/home/shanjinshuo/fno_kerr/kerr_project/outputs/benchmark_track_a_v1/phase_i_wave5_transformer_20260913/resume_t1200_from_epoch0225_20260913/recovery_manifest.json,outputs/benchmark_track_a_v1/phase_i_wave5_transformer_20260913/resume_t1200_from_epoch0225_20260913/recovery_manifest.json,track_a,provenance_summary,RECOMMENDED_UPLOAD,documentation_only,8157,8192,JSON_READABLE,03_track_a_benchmark/phase_i_wave5_transformer_20260913/resume_t1200_from_epoch0225_20260913/recovery_manifest.json,4eeca780792eaf3e620e989abcb0f2e4f11fc481f2f7371e2e2cbc34674f86b0,current_file_verified_against_record,,Recovery documentation only; no failure payload in primary package.
/home/shanjinshuo/fno_kerr/kerr_project/outputs/benchmark_track_a_v1/phase_i_wave5_transformer_20260913/resume_t1200_from_epoch0225_20260913/run_resume_workflow.py,outputs/benchmark_track_a_v1/phase_i_wave5_transformer_20260913/resume_t1200_from_epoch0225_20260913/run_resume_workflow.py,track_a,workflow_source,INDEX_ONLY,documentation_only,2470,4096,EXISTS,,136e79eac540ff19f933030c840fa6d6295efe993f890479449d7ea5d3fca4d9,current_file_verified_against_record,,Recovery documentation only; no failure payload in primary package.
/home/shanjinshuo/fno_kerr/kerr_project/outputs/benchmark_track_a_v1/phase_i_wave5_transformer_20260913/resume_t1200_from_epoch0225_20260913/train.log,outputs/benchmark_track_a_v1/phase_i_wave5_transformer_20260913/resume_t1200_from_epoch0225_20260913/train.log,track_a,runtime_log,DO_NOT_UPLOAD,documentation_only,94499,98304,EXISTS,,51c7a9ffb88c4e99feb2228ae313044fd9c03eb1e8444c1a1e520bd062c0b8a8,current_file_verified_against_record,,Recovery documentation only; no failure payload in primary package.
/home/shanjinshuo/fno_kerr/kerr_project/outputs/benchmark_track_a_v1/phase_i_wave5_transformer_20260913/resume_t1200_from_epoch0225_20260913/train_exit.json,outputs/benchmark_track_a_v1/phase_i_wave5_transformer_20260913/resume_t1200_from_epoch0225_20260913/train_exit.json,track_a,provenance_summary,RECOMMENDED_UPLOAD,documentation_only,102,4096,JSON_READABLE,03_track_a_benchmark/phase_i_wave5_transformer_20260913/resume_t1200_from_epoch0225_20260913/train_exit.json,f4fa8c336aea8ad13b4bcdc09b320211030150aefd3806c5b5b4ac99db4b61e7,current_file_verified_against_record,,Recovery documentation only; no failure payload in primary package.
/home/shanjinshuo/fno_kerr/kerr_project/outputs/benchmark_track_a_v1/phase_i_wave5_transformer_20260913/resume_t1200_from_epoch0225_20260913/train_start.json,outputs/benchmark_track_a_v1/phase_i_wave5_transformer_20260913/resume_t1200_from_epoch0225_20260913/train_start.json,track_a,provenance_summary,RECOMMENDED_UPLOAD,documentation_only,790,4096,JSON_READABLE,03_track_a_benchmark/phase_i_wave5_transformer_20260913/resume_t1200_from_epoch0225_20260913/train_start.json,26f2facc40b62b8417fd541cbb941e96c014e796b0f0fce3cf90da5fb5cba43c,current_file_verified_against_record,,Recovery documentation only; no failure payload in primary package.
/home/shanjinshuo/fno_kerr/kerr_project/outputs/benchmark_track_a_v1/phase_i_wave5_transformer_20260913/resume_t1200_from_epoch0225_20260913/workflow.log,outputs/benchmark_track_a_v1/phase_i_wave5_transformer_20260913/resume_t1200_from_epoch0225_20260913/workflow.log,track_a,runtime_log,DO_NOT_UPLOAD,documentation_only,0,0,EMPTY_NON_RESULT_FILE,,e3b0c44298fc1c149afbf4c8996fb92427ae41e4649b934ca495991b7852b855,previously_recorded_not_rehashed,outputs/benchmark_track_a_v1/phase_i_wave3_timesnet_20260913/workflow_t1200.log,"Preserved incident evidence, not an active checkpoint or success record."
/home/shanjinshuo/fno_kerr/kerr_project/outputs/benchmark_track_a_v1/phase_i_wave5_transformer_20260913/resume_t1200_from_epoch0225_20260913/workflow_complete.json,outputs/benchmark_track_a_v1/phase_i_wave5_transformer_20260913/resume_t1200_from_epoch0225_20260913/workflow_complete.json,track_a,provenance_summary,RECOMMENDED_UPLOAD,documentation_only,311,4096,JSON_READABLE,03_track_a_benchmark/phase_i_wave5_transformer_20260913/resume_t1200_from_epoch0225_20260913/workflow_complete.json,dd42d9f5c7838c72895f31b6011ae10dbade6f27804574715496ec4b417d5764,current_file_verified_against_record,,Recovery documentation only; no failure payload in primary package.
/home/shanjinshuo/fno_kerr/kerr_project/outputs/benchmark_track_a_v1/phase_i_wave5_transformer_20260913/resume_t1200_from_epoch0225_20260913/workflow_start.json,outputs/benchmark_track_a_v1/phase_i_wave5_transformer_20260913/resume_t1200_from_epoch0225_20260913/workflow_start.json,track_a,provenance_summary,RECOMMENDED_UPLOAD,documentation_only,154,4096,JSON_READABLE,03_track_a_benchmark/phase_i_wave5_transformer_20260913/resume_t1200_from_epoch0225_20260913/workflow_start.json,7cb14b6412920ac92f80cec3f2dbfc613013328c2a51eccf0e62f586e0946616,current_file_verified_against_record,,Recovery documentation only; no failure payload in primary package.
/home/shanjinshuo/fno_kerr/kerr_project/outputs/benchmark_track_a_v1/phase_i_wave5_transformer_20260913/run_workflow.py,outputs/benchmark_track_a_v1/phase_i_wave5_transformer_20260913/run_workflow.py,track_a,workflow_source,INDEX_ONLY,retain_on_server,2397,4096,EXISTS,,ba118c5d61e1cde598bd676b62b4485e49b97aa4fd9f9acdd89df79fa572b2ef,current_file_verified_against_record,,
/home/shanjinshuo/fno_kerr/kerr_project/outputs/benchmark_track_a_v1/phase_i_wave5_transformer_20260913/train_t1200/best_model.pt,outputs/benchmark_track_a_v1/phase_i_wave5_transformer_20260913/train_t1200/best_model.pt,track_a,best_checkpoint,RECOMMENDED_UPLOAD,optional_package,4366338,4370432,ZIP_CRC_OK,04_best_checkpoints/track_a/phase_i_wave5_transformer_20260913/train_t1200/best_model.pt,d3c62d0ff2936553719a7312d09796cb6eafb3d4e9ad7367c7a111ac56e43b84,current_file_verified_against_record,,
/home/shanjinshuo/fno_kerr/kerr_project/outputs/benchmark_track_a_v1/phase_i_wave5_transformer_20260913/train_t1200/epoch_0025.pt,outputs/benchmark_track_a_v1/phase_i_wave5_transformer_20260913/train_t1200/epoch_0025.pt,track_a,intermediate_checkpoint,DO_NOT_UPLOAD,retain_on_server,17470358,17473536,EXISTS,,7b681a38b8713a00cdbc3ab5f4adc732390c1a5ab7cc146d637c8c2e2e7cfa72,previously_recorded_not_rehashed,,
/home/shanjinshuo/fno_kerr/kerr_project/outputs/benchmark_track_a_v1/phase_i_wave5_transformer_20260913/train_t1200/epoch_0050.pt,outputs/benchmark_track_a_v1/phase_i_wave5_transformer_20260913/train_t1200/epoch_0050.pt,track_a,intermediate_checkpoint,DO_NOT_UPLOAD,retain_on_server,17471510,17473536,EXISTS,,e14b19b0097db7d104438e1351695a42be75199a85a9c7859352a6f21d22d131,previously_recorded_not_rehashed,,
/home/shanjinshuo/fno_kerr/kerr_project/outputs/benchmark_track_a_v1/phase_i_wave5_transformer_20260913/train_t1200/epoch_0075.pt,outputs/benchmark_track_a_v1/phase_i_wave5_transformer_20260913/train_t1200/epoch_0075.pt,track_a,intermediate_checkpoint,DO_NOT_UPLOAD,retain_on_server,17472598,17473536,EXISTS,,510f75e893e832621fc2f1cd4fefa82e14fed0e7e25f9edac7333ef404e7aaee,previously_recorded_not_rehashed,,
/home/shanjinshuo/fno_kerr/kerr_project/outputs/benchmark_track_a_v1/phase_i_wave5_transformer_20260913/train_t1200/epoch_0100.pt,outputs/benchmark_track_a_v1/phase_i_wave5_transformer_20260913/train_t1200/epoch_0100.pt,track_a,intermediate_checkpoint,DO_NOT_UPLOAD,retain_on_server,17475606,17477632,EXISTS,,b1b373d6d713285f860874c556daffbcc329734b64fc84b679b71b43e9f4188c,previously_recorded_not_rehashed,,
/home/shanjinshuo/fno_kerr/kerr_project/outputs/benchmark_track_a_v1/phase_i_wave5_transformer_20260913/train_t1200/epoch_0125.pt,outputs/benchmark_track_a_v1/phase_i_wave5_transformer_20260913/train_t1200/epoch_0125.pt,track_a,intermediate_checkpoint,DO_NOT_UPLOAD,retain_on_server,17476758,17477632,EXISTS,,09e0164a77456d31f7574cdde92fb19a8a3cfc30027c6d548a8702a1fae2435d,previously_recorded_not_rehashed,,
/home/shanjinshuo/fno_kerr/kerr_project/outputs/benchmark_track_a_v1/phase_i_wave5_transformer_20260913/train_t1200/epoch_0150.pt,outputs/benchmark_track_a_v1/phase_i_wave5_transformer_20260913/train_t1200/epoch_0150.pt,track_a,intermediate_checkpoint,DO_NOT_UPLOAD,retain_on_server,17477846,17481728,EXISTS,,6ea56294b5e6ae221df3f6e1a4ce8e0c87440a234a1a7c02c4f6b766dabbee2e,previously_recorded_not_rehashed,,
/home/shanjinshuo/fno_kerr/kerr_project/outputs/benchmark_track_a_v1/phase_i_wave5_transformer_20260913/train_t1200/epoch_0175.pt,outputs/benchmark_track_a_v1/phase_i_wave5_transformer_20260913/train_t1200/epoch_0175.pt,track_a,intermediate_checkpoint,DO_NOT_UPLOAD,retain_on_server,17478998,17481728,EXISTS,,226398cbbe0a88a3c0953e27a836689534dea99a705a11f407f4c1874c3988a1,previously_recorded_not_rehashed,,
/home/shanjinshuo/fno_kerr/kerr_project/outputs/benchmark_track_a_v1/phase_i_wave5_transformer_20260913/train_t1200/epoch_0200.pt,outputs/benchmark_track_a_v1/phase_i_wave5_transformer_20260913/train_t1200/epoch_0200.pt,track_a,intermediate_checkpoint,DO_NOT_UPLOAD,retain_on_server,17480086,17481728,EXISTS,,ba10ab2b4d13cfa92cf36ba6429adc6ee0f127cc65044de2ba7dc5addab9a682,previously_recorded_not_rehashed,,
/home/shanjinshuo/fno_kerr/kerr_project/outputs/benchmark_track_a_v1/phase_i_wave5_transformer_20260913/train_t1200/epoch_0225.pt,outputs/benchmark_track_a_v1/phase_i_wave5_transformer_20260913/train_t1200/epoch_0225.pt,track_a,intermediate_checkpoint,DO_NOT_UPLOAD,retain_on_server,17481238,17481728,EXISTS,,1b759bfb19ebc519c51d44243866b288fabdb5b650a0c92dd5fc6f06429dc3de,previously_recorded_not_rehashed,,
/home/shanjinshuo/fno_kerr/kerr_project/outputs/benchmark_track_a_v1/phase_i_wave5_transformer_20260913/train_t1200/epoch_0250.pt,outputs/benchmark_track_a_v1/phase_i_wave5_transformer_20260913/train_t1200/epoch_0250.pt,track_a,intermediate_checkpoint,DO_NOT_UPLOAD,retain_on_server,17482646,17485824,EXISTS,,7106e15c7fc7f4bb124171804da29f69d8a31e19e26772de5ee67a521b00e8e2,previously_recorded_not_rehashed,,
/home/shanjinshuo/fno_kerr/kerr_project/outputs/benchmark_track_a_v1/phase_i_wave5_transformer_20260913/train_t1200/epoch_0275.pt,outputs/benchmark_track_a_v1/phase_i_wave5_transformer_20260913/train_t1200/epoch_0275.pt,track_a,intermediate_checkpoint,DO_NOT_UPLOAD,retain_on_server,17483926,17485824,EXISTS,,c32dcd57d5642325dc083eb91b6e75ad1eae98f3b493597ee359d8d85b241065,previously_recorded_not_rehashed,,
/home/shanjinshuo/fno_kerr/kerr_project/outputs/benchmark_track_a_v1/phase_i_wave5_transformer_20260913/train_t1200/epoch_0300.pt,outputs/benchmark_track_a_v1/phase_i_wave5_transformer_20260913/train_t1200/epoch_0300.pt,track_a,intermediate_checkpoint,DO_NOT_UPLOAD,retain_on_server,17485206,17485824,EXISTS,,8d775c0053080246dc70c747602619f62af3b35ec28cc2ca8427815c41720a51,previously_recorded_not_rehashed,,
/home/shanjinshuo/fno_kerr/kerr_project/outputs/benchmark_track_a_v1/phase_i_wave5_transformer_20260913/train_t1200/epoch_0325.pt,outputs/benchmark_track_a_v1/phase_i_wave5_transformer_20260913/train_t1200/epoch_0325.pt,track_a,intermediate_checkpoint,DO_NOT_UPLOAD,retain_on_server,17486550,17489920,EXISTS,,74484f5921e4cfb22b03a5cca0a168a8ea93ec3480cc1c8b595d44b95ec286c5,previously_recorded_not_rehashed,,
/home/shanjinshuo/fno_kerr/kerr_project/outputs/benchmark_track_a_v1/phase_i_wave5_transformer_20260913/train_t1200/epoch_0350.pt,outputs/benchmark_track_a_v1/phase_i_wave5_transformer_20260913/train_t1200/epoch_0350.pt,track_a,intermediate_checkpoint,DO_NOT_UPLOAD,retain_on_server,17487830,17489920,EXISTS,,eda3f0e049810d8ef4bec41e74501015edb327e0c21169cc7a13f1f8c7748556,previously_recorded_not_rehashed,,
/home/shanjinshuo/fno_kerr/kerr_project/outputs/benchmark_track_a_v1/phase_i_wave5_transformer_20260913/train_t1200/epoch_0375.pt,outputs/benchmark_track_a_v1/phase_i_wave5_transformer_20260913/train_t1200/epoch_0375.pt,track_a,intermediate_checkpoint,DO_NOT_UPLOAD,retain_on_server,17489110,17489920,EXISTS,,bc53985921775d392727219da800228c7108158a7b0c487c5e1c1ae931f01a99,previously_recorded_not_rehashed,,
/home/shanjinshuo/fno_kerr/kerr_project/outputs/benchmark_track_a_v1/phase_i_wave5_transformer_20260913/train_t1200/epoch_0400.pt,outputs/benchmark_track_a_v1/phase_i_wave5_transformer_20260913/train_t1200/epoch_0400.pt,track_a,intermediate_checkpoint,DO_NOT_UPLOAD,retain_on_server,17490454,17494016,EXISTS,,34845e35f158f6b19ef098c5460bab4012a70e9d3595624601a217382c373c16,previously_recorded_not_rehashed,,
/home/shanjinshuo/fno_kerr/kerr_project/outputs/benchmark_track_a_v1/phase_i_wave5_transformer_20260913/train_t1200/epoch_0425.pt,outputs/benchmark_track_a_v1/phase_i_wave5_transformer_20260913/train_t1200/epoch_0425.pt,track_a,intermediate_checkpoint,DO_NOT_UPLOAD,retain_on_server,17491734,17494016,EXISTS,,99199023825410a36a98a088f78c729cdaf34ddfc88eaadbb8390eb490f8b04c,previously_recorded_not_rehashed,,
/home/shanjinshuo/fno_kerr/kerr_project/outputs/benchmark_track_a_v1/phase_i_wave5_transformer_20260913/train_t1200/epoch_0450.pt,outputs/benchmark_track_a_v1/phase_i_wave5_transformer_20260913/train_t1200/epoch_0450.pt,track_a,intermediate_checkpoint,DO_NOT_UPLOAD,retain_on_server,17493014,17494016,EXISTS,,090734dd8633fa5268a859d252e4298b0408feebeb2ed107d098e805a69142c6,previously_recorded_not_rehashed,,
/home/shanjinshuo/fno_kerr/kerr_project/outputs/benchmark_track_a_v1/phase_i_wave5_transformer_20260913/train_t1200/epoch_0475.pt,outputs/benchmark_track_a_v1/phase_i_wave5_transformer_20260913/train_t1200/epoch_0475.pt,track_a,intermediate_checkpoint,DO_NOT_UPLOAD,retain_on_server,17494358,17498112,EXISTS,,449b97b64f9c4f9d3e61dcce10169050033a9df868ac917d7e6c622b0a69a593,previously_recorded_not_rehashed,,
/home/shanjinshuo/fno_kerr/kerr_project/outputs/benchmark_track_a_v1/phase_i_wave5_transformer_20260913/train_t1200/epoch_0500.pt,outputs/benchmark_track_a_v1/phase_i_wave5_transformer_20260913/train_t1200/epoch_0500.pt,track_a,intermediate_checkpoint,DO_NOT_UPLOAD,retain_on_server,17495638,17498112,EXISTS,,414c75799871e482bb055566687453b5af5c0cf2a9f869716a201bdf81f547cc,previously_recorded_not_rehashed,,
/home/shanjinshuo/fno_kerr/kerr_project/outputs/benchmark_track_a_v1/phase_i_wave5_transformer_20260913/train_t1200/run.json,outputs/benchmark_track_a_v1/phase_i_wave5_transformer_20260913/train_t1200/run.json,track_a,provenance_summary,RECOMMENDED_UPLOAD,optional_package,5553,8192,JSON_READABLE,03_track_a_benchmark/phase_i_wave5_transformer_20260913/train_t1200/run.json,51ea0934b2fe9fbd2251df8bb6874cf315b05e24072077a87c103e074dca91e3,current_file_verified_against_record,,
/home/shanjinshuo/fno_kerr/kerr_project/outputs/benchmark_track_a_v1/phase_i_wave5_transformer_20260913/train_t1200/summary.json,outputs/benchmark_track_a_v1/phase_i_wave5_transformer_20260913/train_t1200/summary.json,track_a,provenance_summary,RECOMMENDED_UPLOAD,optional_package,100049,102400,JSON_READABLE,03_track_a_benchmark/phase_i_wave5_transformer_20260913/train_t1200/summary.json,9abaff1eb5af3fd4db534b4d8d7078f01908d9e5d40cdc0fbf6fcee7cc997245,current_file_verified_against_record,,
/home/shanjinshuo/fno_kerr/kerr_project/outputs/benchmark_track_a_v1/phase_i_wave5_transformer_20260913/train_t1200.log,outputs/benchmark_track_a_v1/phase_i_wave5_transformer_20260913/train_t1200.log,track_a,runtime_log,DO_NOT_UPLOAD,retain_on_server,0,0,EMPTY_NON_RESULT_FILE,,e3b0c44298fc1c149afbf4c8996fb92427ae41e4649b934ca495991b7852b855,previously_recorded_not_rehashed,outputs/benchmark_track_a_v1/phase_i_wave3_timesnet_20260913/workflow_t1200.log,"Preserved incident evidence, not an active checkpoint or success record."
/home/shanjinshuo/fno_kerr/kerr_project/outputs/benchmark_track_a_v1/phase_i_wave5_transformer_20260913/train_t1200_exit.json,outputs/benchmark_track_a_v1/phase_i_wave5_transformer_20260913/train_t1200_exit.json,track_a,failure_evidence,DO_NOT_UPLOAD,retain_on_server,0,0,PRESERVED_ZERO_BYTE_FAILURE_EVIDENCE,,e3b0c44298fc1c149afbf4c8996fb92427ae41e4649b934ca495991b7852b855,previously_recorded_not_rehashed,outputs/benchmark_track_a_v1/phase_i_wave3_timesnet_20260913/workflow_t1200.log,"Preserved incident evidence, not an active checkpoint or success record."
/home/shanjinshuo/fno_kerr/kerr_project/outputs/benchmark_track_a_v1/phase_i_wave5_transformer_20260913/train_t1200_start.json,outputs/benchmark_track_a_v1/phase_i_wave5_transformer_20260913/train_t1200_start.json,track_a,provenance_summary,RECOMMENDED_UPLOAD,optional_package,627,4096,JSON_READABLE,03_track_a_benchmark/phase_i_wave5_transformer_20260913/train_t1200_start.json,ee3047b692b93175c5ce1ff522209cd318354f384712faf3f19705a7f89bb0b1,current_file_verified_against_record,,
/home/shanjinshuo/fno_kerr/kerr_project/outputs/benchmark_track_a_v1/phase_i_wave5_transformer_20260913/train_t2399/best_model.pt,outputs/benchmark_track_a_v1/phase_i_wave5_transformer_20260913/train_t2399/best_model.pt,track_a,best_checkpoint,RECOMMENDED_UPLOAD,optional_package,4366402,4370432,ZIP_CRC_OK,04_best_checkpoints/track_a/phase_i_wave5_transformer_20260913/train_t2399/best_model.pt,51dc8ebb0f2db278bac0d044416d1937039bde105da754eba59327ad8d9a6852,current_file_verified_against_record,,
/home/shanjinshuo/fno_kerr/kerr_project/outputs/benchmark_track_a_v1/phase_i_wave5_transformer_20260913/train_t2399/epoch_0025.pt,outputs/benchmark_track_a_v1/phase_i_wave5_transformer_20260913/train_t2399/epoch_0025.pt,track_a,intermediate_checkpoint,DO_NOT_UPLOAD,retain_on_server,17470358,17473536,EXISTS,,84bfbf8398769912ad5fdff62f554d46263935ad909c032e3f697df0b2027523,previously_recorded_not_rehashed,,
/home/shanjinshuo/fno_kerr/kerr_project/outputs/benchmark_track_a_v1/phase_i_wave5_transformer_20260913/train_t2399/epoch_0050.pt,outputs/benchmark_track_a_v1/phase_i_wave5_transformer_20260913/train_t2399/epoch_0050.pt,track_a,intermediate_checkpoint,DO_NOT_UPLOAD,retain_on_server,17471510,17473536,EXISTS,,f361cec24a7db76ef2ecf3b9ff34afaba6edcc3d9b3225daea3ffd52507435d4,previously_recorded_not_rehashed,,
/home/shanjinshuo/fno_kerr/kerr_project/outputs/benchmark_track_a_v1/phase_i_wave5_transformer_20260913/train_t2399/epoch_0075.pt,outputs/benchmark_track_a_v1/phase_i_wave5_transformer_20260913/train_t2399/epoch_0075.pt,track_a,intermediate_checkpoint,DO_NOT_UPLOAD,retain_on_server,17472662,17473536,EXISTS,,c9d96636de532a3495a5ba261aff64b9e98e18c70fbc92a9af49fe06d1044215,previously_recorded_not_rehashed,,
/home/shanjinshuo/fno_kerr/kerr_project/outputs/benchmark_track_a_v1/phase_i_wave5_transformer_20260913/train_t2399/epoch_0100.pt,outputs/benchmark_track_a_v1/phase_i_wave5_transformer_20260913/train_t2399/epoch_0100.pt,track_a,intermediate_checkpoint,DO_NOT_UPLOAD,retain_on_server,17475606,17477632,EXISTS,,6a53c5194c59e36d6f115ea9d5b98407dca3850c258afd008f1583a08434c070,previously_recorded_not_rehashed,,
/home/shanjinshuo/fno_kerr/kerr_project/outputs/benchmark_track_a_v1/phase_i_wave5_transformer_20260913/train_t2399/epoch_0125.pt,outputs/benchmark_track_a_v1/phase_i_wave5_transformer_20260913/train_t2399/epoch_0125.pt,track_a,intermediate_checkpoint,DO_NOT_UPLOAD,retain_on_server,17476758,17477632,EXISTS,,9ed1a8ede95f8f8eac2a0b02bff7e6b011241f460bb4f271c16dd2227cf2b40c,previously_recorded_not_rehashed,,
/home/shanjinshuo/fno_kerr/kerr_project/outputs/benchmark_track_a_v1/phase_i_wave5_transformer_20260913/train_t2399/epoch_0150.pt,outputs/benchmark_track_a_v1/phase_i_wave5_transformer_20260913/train_t2399/epoch_0150.pt,track_a,intermediate_checkpoint,DO_NOT_UPLOAD,retain_on_server,17477846,17481728,EXISTS,,5c9e01aa4dd3ee397a0b078550a7ef5ee269f4e47d245fe2998b50e1e614e415,previously_recorded_not_rehashed,,
/home/shanjinshuo/fno_kerr/kerr_project/outputs/benchmark_track_a_v1/phase_i_wave5_transformer_20260913/train_t2399/epoch_0175.pt,outputs/benchmark_track_a_v1/phase_i_wave5_transformer_20260913/train_t2399/epoch_0175.pt,track_a,intermediate_checkpoint,DO_NOT_UPLOAD,retain_on_server,17478998,17481728,EXISTS,,1eefa068f582a198cfc1fb4fc505b414aa163a5199c13659bc040647a6b34450,previously_recorded_not_rehashed,,
/home/shanjinshuo/fno_kerr/kerr_project/outputs/benchmark_track_a_v1/phase_i_wave5_transformer_20260913/train_t2399/epoch_0200.pt,outputs/benchmark_track_a_v1/phase_i_wave5_transformer_20260913/train_t2399/epoch_0200.pt,track_a,intermediate_checkpoint,DO_NOT_UPLOAD,retain_on_server,17480150,17481728,EXISTS,,dfbebefd2483f238ac9a61f2552213d56b2a7e1da588d6abbcf9c426f0adf621,previously_recorded_not_rehashed,,
/home/shanjinshuo/fno_kerr/kerr_project/outputs/benchmark_track_a_v1/phase_i_wave5_transformer_20260913/train_t2399/epoch_0225.pt,outputs/benchmark_track_a_v1/phase_i_wave5_transformer_20260913/train_t2399/epoch_0225.pt,track_a,intermediate_checkpoint,DO_NOT_UPLOAD,retain_on_server,17481238,17481728,EXISTS,,34787d6f822f91a6ad1a350ace62ba673d43dd1e8b6ec8738636261344128f3f,previously_recorded_not_rehashed,,
/home/shanjinshuo/fno_kerr/kerr_project/outputs/benchmark_track_a_v1/phase_i_wave5_transformer_20260913/train_t2399/epoch_0250.pt,outputs/benchmark_track_a_v1/phase_i_wave5_transformer_20260913/train_t2399/epoch_0250.pt,track_a,intermediate_checkpoint,DO_NOT_UPLOAD,retain_on_server,17482390,17485824,EXISTS,,867914eca89cf2f24eff19c6f21960fc270cc20418c40ac89a06abdf7b8ced9b,previously_recorded_not_rehashed,,
/home/shanjinshuo/fno_kerr/kerr_project/outputs/benchmark_track_a_v1/phase_i_wave5_transformer_20260913/train_t2399/epoch_0275.pt,outputs/benchmark_track_a_v1/phase_i_wave5_transformer_20260913/train_t2399/epoch_0275.pt,track_a,intermediate_checkpoint,DO_NOT_UPLOAD,retain_on_server,17483542,17485824,EXISTS,,7c307cf9920542967163d92631c9b51a75976db6ff14c9c1fea7bdf26641647d,previously_recorded_not_rehashed,,
/home/shanjinshuo/fno_kerr/kerr_project/outputs/benchmark_track_a_v1/phase_i_wave5_transformer_20260913/train_t2399/epoch_0300.pt,outputs/benchmark_track_a_v1/phase_i_wave5_transformer_20260913/train_t2399/epoch_0300.pt,track_a,intermediate_checkpoint,DO_NOT_UPLOAD,retain_on_server,17484694,17485824,EXISTS,,d3c80ac4b42b26488a43b2d8de8737f676751682fb80acfc867fc31634a3a070,previously_recorded_not_rehashed,,
/home/shanjinshuo/fno_kerr/kerr_project/outputs/benchmark_track_a_v1/phase_i_wave5_transformer_20260913/train_t2399/epoch_0325.pt,outputs/benchmark_track_a_v1/phase_i_wave5_transformer_20260913/train_t2399/epoch_0325.pt,track_a,intermediate_checkpoint,DO_NOT_UPLOAD,retain_on_server,17485846,17489920,EXISTS,,9cf383b48f7491117dd7073b41064a42773dc960872bac55023a8a733818115a,previously_recorded_not_rehashed,,
/home/shanjinshuo/fno_kerr/kerr_project/outputs/benchmark_track_a_v1/phase_i_wave5_transformer_20260913/train_t2399/epoch_0350.pt,outputs/benchmark_track_a_v1/phase_i_wave5_transformer_20260913/train_t2399/epoch_0350.pt,track_a,intermediate_checkpoint,DO_NOT_UPLOAD,retain_on_server,17486998,17489920,EXISTS,,300f012e59330d3bb0eacefc3463a1f0ca5759dff317746cd7adc4560d47962c,previously_recorded_not_rehashed,,
/home/shanjinshuo/fno_kerr/kerr_project/outputs/benchmark_track_a_v1/phase_i_wave5_transformer_20260913/train_t2399/epoch_0375.pt,outputs/benchmark_track_a_v1/phase_i_wave5_transformer_20260913/train_t2399/epoch_0375.pt,track_a,intermediate_checkpoint,DO_NOT_UPLOAD,retain_on_server,17488150,17489920,EXISTS,,e23689c7ef36be8094f6cc0388a68c59946bcfa269d7aa5bd0582b730367fcb1,previously_recorded_not_rehashed,,
/home/shanjinshuo/fno_kerr/kerr_project/outputs/benchmark_track_a_v1/phase_i_wave5_transformer_20260913/train_t2399/epoch_0400.pt,outputs/benchmark_track_a_v1/phase_i_wave5_transformer_20260913/train_t2399/epoch_0400.pt,track_a,intermediate_checkpoint,DO_NOT_UPLOAD,retain_on_server,17489302,17489920,EXISTS,,c28a647f0378b9fbce88b4db265a1d978dd18c0cdee4e7762e0aa4eb47125bcb,previously_recorded_not_rehashed,,
/home/shanjinshuo/fno_kerr/kerr_project/outputs/benchmark_track_a_v1/phase_i_wave5_transformer_20260913/train_t2399/epoch_0425.pt,outputs/benchmark_track_a_v1/phase_i_wave5_transformer_20260913/train_t2399/epoch_0425.pt,track_a,intermediate_checkpoint,DO_NOT_UPLOAD,retain_on_server,17490390,17494016,EXISTS,,77e1df8ef55e770ddd02ec7c1553d7a4c315d7bfcc3f918f41c9530722ca6d6a,previously_recorded_not_rehashed,,
/home/shanjinshuo/fno_kerr/kerr_project/outputs/benchmark_track_a_v1/phase_i_wave5_transformer_20260913/train_t2399/epoch_0450.pt,outputs/benchmark_track_a_v1/phase_i_wave5_transformer_20260913/train_t2399/epoch_0450.pt,track_a,intermediate_checkpoint,DO_NOT_UPLOAD,retain_on_server,17491542,17494016,EXISTS,,39d83210b026498f774b8aeeb645a8f5caadff4180a20d53c246d8831bfdaa4f,previously_recorded_not_rehashed,,
/home/shanjinshuo/fno_kerr/kerr_project/outputs/benchmark_track_a_v1/phase_i_wave5_transformer_20260913/train_t2399/epoch_0475.pt,outputs/benchmark_track_a_v1/phase_i_wave5_transformer_20260913/train_t2399/epoch_0475.pt,track_a,intermediate_checkpoint,DO_NOT_UPLOAD,retain_on_server,17492694,17494016,EXISTS,,3746e8716bb37a1788e00e48eb70cf0efa1557b0463088b250737a2c25d298d3,previously_recorded_not_rehashed,,
/home/shanjinshuo/fno_kerr/kerr_project/outputs/benchmark_track_a_v1/phase_i_wave5_transformer_20260913/train_t2399/epoch_0500.pt,outputs/benchmark_track_a_v1/phase_i_wave5_transformer_20260913/train_t2399/epoch_0500.pt,track_a,intermediate_checkpoint,DO_NOT_UPLOAD,retain_on_server,17493846,17494016,EXISTS,,6902dc1ef28e7581fb36c7df9a90344aea58da93c3c42cb77535f2a945ca5dba,previously_recorded_not_rehashed,,
/home/shanjinshuo/fno_kerr/kerr_project/outputs/benchmark_track_a_v1/phase_i_wave5_transformer_20260913/train_t2399/run.json,outputs/benchmark_track_a_v1/phase_i_wave5_transformer_20260913/train_t2399/run.json,track_a,provenance_summary,RECOMMENDED_UPLOAD,optional_package,5571,8192,JSON_READABLE,03_track_a_benchmark/phase_i_wave5_transformer_20260913/train_t2399/run.json,ba8aaf561c8d87924c99dc9d24a648f5e7c07f60b66de9ef588d7a8dceff34d7,current_file_verified_against_record,,
/home/shanjinshuo/fno_kerr/kerr_project/outputs/benchmark_track_a_v1/phase_i_wave5_transformer_20260913/train_t2399/summary.json,outputs/benchmark_track_a_v1/phase_i_wave5_transformer_20260913/train_t2399/summary.json,track_a,provenance_summary,RECOMMENDED_UPLOAD,optional_package,100046,102400,JSON_READABLE,03_track_a_benchmark/phase_i_wave5_transformer_20260913/train_t2399/summary.json,2e323a1c0775fc5a92a649684d97ef91f2680c67ee582ba5792b20d8eb404de0,current_file_verified_against_record,,
/home/shanjinshuo/fno_kerr/kerr_project/outputs/benchmark_track_a_v1/phase_i_wave5_transformer_20260913/train_t2399.log,outputs/benchmark_track_a_v1/phase_i_wave5_transformer_20260913/train_t2399.log,track_a,runtime_log,DO_NOT_UPLOAD,retain_on_server,94478,98304,EXISTS,,3da3a6b0cb425795aea1be781c8e435c30f05f10b3fd0dbe9702c3139d28796a,current_file_verified_against_record,,
/home/shanjinshuo/fno_kerr/kerr_project/outputs/benchmark_track_a_v1/phase_i_wave5_transformer_20260913/train_t2399_exit.json,outputs/benchmark_track_a_v1/phase_i_wave5_transformer_20260913/train_t2399_exit.json,track_a,provenance_summary,RECOMMENDED_UPLOAD,optional_package,115,4096,JSON_READABLE,03_track_a_benchmark/phase_i_wave5_transformer_20260913/train_t2399_exit.json,7a4ab830ed1530e6c4ee763216057155d7ae52675596bac38fc8c210d31fb934,current_file_verified_against_record,,
/home/shanjinshuo/fno_kerr/kerr_project/outputs/benchmark_track_a_v1/phase_i_wave5_transformer_20260913/train_t2399_start.json,outputs/benchmark_track_a_v1/phase_i_wave5_transformer_20260913/train_t2399_start.json,track_a,provenance_summary,RECOMMENDED_UPLOAD,optional_package,627,4096,JSON_READABLE,03_track_a_benchmark/phase_i_wave5_transformer_20260913/train_t2399_start.json,2759743ffd233e62118d50d8fd093da01bfd35a1c001a95eb1ec7abb23f0b16d,current_file_verified_against_record,,
/home/shanjinshuo/fno_kerr/kerr_project/outputs/benchmark_track_a_v1/phase_i_wave5_transformer_20260913/wave_execution.json,outputs/benchmark_track_a_v1/phase_i_wave5_transformer_20260913/wave_execution.json,track_a,provenance_summary,RECOMMENDED_UPLOAD,optional_package,408338,409600,JSON_READABLE,03_track_a_benchmark/phase_i_wave5_transformer_20260913/wave_execution.json,07f1f6f996d5c73ec18d8a49b48f957bf2c30ac15e4c59f72d6630262813b84f,current_file_verified_against_record,,
/home/shanjinshuo/fno_kerr/kerr_project/outputs/benchmark_track_a_v1/phase_i_wave5_transformer_20260913/workflow_t1200.log,outputs/benchmark_track_a_v1/phase_i_wave5_transformer_20260913/workflow_t1200.log,track_a,runtime_log,DO_NOT_UPLOAD,retain_on_server,0,0,EMPTY_NON_RESULT_FILE,,e3b0c44298fc1c149afbf4c8996fb92427ae41e4649b934ca495991b7852b855,previously_recorded_not_rehashed,outputs/benchmark_track_a_v1/phase_i_wave3_timesnet_20260913/workflow_t1200.log,"Preserved incident evidence, not an active checkpoint or success record."
/home/shanjinshuo/fno_kerr/kerr_project/outputs/benchmark_track_a_v1/phase_i_wave5_transformer_20260913/workflow_t1200_complete.json,outputs/benchmark_track_a_v1/phase_i_wave5_transformer_20260913/workflow_t1200_complete.json,track_a,provenance_summary,RECOMMENDED_UPLOAD,optional_package,311,4096,JSON_READABLE,03_track_a_benchmark/phase_i_wave5_transformer_20260913/workflow_t1200_complete.json,ae950b3322a7da984d34925a33888822acb8f4c4583579402c2df87fa5665bb1,current_file_verified_against_record,,
/home/shanjinshuo/fno_kerr/kerr_project/outputs/benchmark_track_a_v1/phase_i_wave5_transformer_20260913/workflow_t1200_start.json,outputs/benchmark_track_a_v1/phase_i_wave5_transformer_20260913/workflow_t1200_start.json,track_a,provenance_summary,RECOMMENDED_UPLOAD,optional_package,211,4096,JSON_READABLE,03_track_a_benchmark/phase_i_wave5_transformer_20260913/workflow_t1200_start.json,f91b75167105050daa31a3edea4eb0eb2d4fe058e0f5469b018b21020162bf02,current_file_verified_against_record,,
/home/shanjinshuo/fno_kerr/kerr_project/outputs/benchmark_track_a_v1/phase_i_wave5_transformer_20260913/workflow_t2399.log,outputs/benchmark_track_a_v1/phase_i_wave5_transformer_20260913/workflow_t2399.log,track_a,runtime_log,DO_NOT_UPLOAD,retain_on_server,0,0,EMPTY_NON_RESULT_FILE,,e3b0c44298fc1c149afbf4c8996fb92427ae41e4649b934ca495991b7852b855,previously_recorded_not_rehashed,outputs/benchmark_track_a_v1/phase_i_wave3_timesnet_20260913/workflow_t1200.log,"Preserved incident evidence, not an active checkpoint or success record."
/home/shanjinshuo/fno_kerr/kerr_project/outputs/benchmark_track_a_v1/phase_i_wave5_transformer_20260913/workflow_t2399_complete.json,outputs/benchmark_track_a_v1/phase_i_wave5_transformer_20260913/workflow_t2399_complete.json,track_a,provenance_summary,RECOMMENDED_UPLOAD,optional_package,118,4096,JSON_READABLE,03_track_a_benchmark/phase_i_wave5_transformer_20260913/workflow_t2399_complete.json,1be241ba386913c29592e65db73a038826d78f455360919f0307f91aa9e2bc77,current_file_verified_against_record,,
/home/shanjinshuo/fno_kerr/kerr_project/outputs/benchmark_track_a_v1/phase_i_wave5_transformer_20260913/workflow_t2399_start.json,outputs/benchmark_track_a_v1/phase_i_wave5_transformer_20260913/workflow_t2399_start.json,track_a,provenance_summary,RECOMMENDED_UPLOAD,optional_package,205,4096,JSON_READABLE,03_track_a_benchmark/phase_i_wave5_transformer_20260913/workflow_t2399_start.json,1ef66c46d90fe24c1836c233c3ab30bf4ca6c89468ddf4810f97e479f819ef37,current_file_verified_against_record,,
/home/shanjinshuo/fno_kerr/kerr_project/outputs/benchmark_track_a_v1/phase_i_wave6_deeponet_20260913/early_launch_validation.json,outputs/benchmark_track_a_v1/phase_i_wave6_deeponet_20260913/early_launch_validation.json,track_a,launch_diagnostic,INDEX_ONLY,retain_on_server,2714,4096,JSON_READABLE,,37797ebb0bc1eca8fe9687a0ca9a5168961f6f0c87002cf1d48dc13a503b3567,computed_during_inventory,,
/home/shanjinshuo/fno_kerr/kerr_project/outputs/benchmark_track_a_v1/phase_i_wave6_deeponet_20260913/eval_t1200/matrix.json,outputs/benchmark_track_a_v1/phase_i_wave6_deeponet_20260913/eval_t1200/matrix.json,track_a,metrics_metadata,MUST_UPLOAD,primary_package,403130,405504,JSON_READABLE,03_track_a_benchmark/phase_i_wave6_deeponet_20260913/eval_t1200/matrix.json,951e18ff08877d3694776b60b28049302c1c2ac33b70fdbcb06c704c1b3fc24f,computed_during_inventory,,
/home/shanjinshuo/fno_kerr/kerr_project/outputs/benchmark_track_a_v1/phase_i_wave6_deeponet_20260913/eval_t1200/metrics_t1200.json,outputs/benchmark_track_a_v1/phase_i_wave6_deeponet_20260913/eval_t1200/metrics_t1200.json,track_a,metrics_metadata,MUST_UPLOAD,primary_package,86290,90112,JSON_READABLE,03_track_a_benchmark/phase_i_wave6_deeponet_20260913/eval_t1200/metrics_t1200.json,7dc8eb19a782c09d82d30845ad9798575f9fa71c11fce0ce3546d1122fd64939,computed_during_inventory,,
/home/shanjinshuo/fno_kerr/kerr_project/outputs/benchmark_track_a_v1/phase_i_wave6_deeponet_20260913/eval_t1200/metrics_t2399.json,outputs/benchmark_track_a_v1/phase_i_wave6_deeponet_20260913/eval_t1200/metrics_t2399.json,track_a,metrics_metadata,MUST_UPLOAD,primary_package,86299,90112,JSON_READABLE,03_track_a_benchmark/phase_i_wave6_deeponet_20260913/eval_t1200/metrics_t2399.json,b2a915316d122e49323f8947886a1472434182ac427fb9ced9fff9195e90f59b,computed_during_inventory,,
/home/shanjinshuo/fno_kerr/kerr_project/outputs/benchmark_track_a_v1/phase_i_wave6_deeponet_20260913/eval_t1200/metrics_t3598.json,outputs/benchmark_track_a_v1/phase_i_wave6_deeponet_20260913/eval_t1200/metrics_t3598.json,track_a,metrics_metadata,MUST_UPLOAD,primary_package,86305,90112,JSON_READABLE,03_track_a_benchmark/phase_i_wave6_deeponet_20260913/eval_t1200/metrics_t3598.json,f0663c9be023f1a59dc9be0be27e2d56d68852c04c7b9df4e95252d08bbeb701,computed_during_inventory,,
/home/shanjinshuo/fno_kerr/kerr_project/outputs/benchmark_track_a_v1/phase_i_wave6_deeponet_20260913/eval_t1200/metrics_t4797.json,outputs/benchmark_track_a_v1/phase_i_wave6_deeponet_20260913/eval_t1200/metrics_t4797.json,track_a,metrics_metadata,MUST_UPLOAD,primary_package,86306,90112,JSON_READABLE,03_track_a_benchmark/phase_i_wave6_deeponet_20260913/eval_t1200/metrics_t4797.json,98fac46c60cd850be166a115f49d15a256c2dc51a73ac8fcf9432c0e90f43f51,computed_during_inventory,,
/home/shanjinshuo/fno_kerr/kerr_project/outputs/benchmark_track_a_v1/phase_i_wave6_deeponet_20260913/eval_t1200/prediction_t1200.npz,outputs/benchmark_track_a_v1/phase_i_wave6_deeponet_20260913/eval_t1200/prediction_t1200.npz,track_a,final_prediction,MUST_UPLOAD,primary_package,5325998,5328896,ZIP_CRC_OK,03_track_a_benchmark/phase_i_wave6_deeponet_20260913/eval_t1200/prediction_t1200.npz,563c9cfce89b071711cc525ef055e46d98e4ab23150a51e6d0262b48d6dc2b9f,computed_during_inventory,,
/home/shanjinshuo/fno_kerr/kerr_project/outputs/benchmark_track_a_v1/phase_i_wave6_deeponet_20260913/eval_t1200/prediction_t2399.npz,outputs/benchmark_track_a_v1/phase_i_wave6_deeponet_20260913/eval_t1200/prediction_t2399.npz,track_a,final_prediction,MUST_UPLOAD,primary_package,10630508,10633216,ZIP_CRC_OK,03_track_a_benchmark/phase_i_wave6_deeponet_20260913/eval_t1200/prediction_t2399.npz,2150b1fe70ee16f4c42e8831c56a7de34f88d72457e2835a30eb658dd7dfc65f,computed_during_inventory,,
/home/shanjinshuo/fno_kerr/kerr_project/outputs/benchmark_track_a_v1/phase_i_wave6_deeponet_20260913/eval_t1200/prediction_t3598.npz,outputs/benchmark_track_a_v1/phase_i_wave6_deeponet_20260913/eval_t1200/prediction_t3598.npz,track_a,final_prediction,MUST_UPLOAD,primary_package,15917899,15921152,ZIP_CRC_OK,03_track_a_benchmark/phase_i_wave6_deeponet_20260913/eval_t1200/prediction_t3598.npz,8892d806505a9ab0a37371aa5b86e4d490f800969a3829199bc7e03bec19791c,computed_during_inventory,,
/home/shanjinshuo/fno_kerr/kerr_project/outputs/benchmark_track_a_v1/phase_i_wave6_deeponet_20260913/eval_t1200/prediction_t4797.npz,outputs/benchmark_track_a_v1/phase_i_wave6_deeponet_20260913/eval_t1200/prediction_t4797.npz,track_a,final_prediction,MUST_UPLOAD,primary_package,21184044,21184512,ZIP_CRC_OK,03_track_a_benchmark/phase_i_wave6_deeponet_20260913/eval_t1200/prediction_t4797.npz,833de7e45458f3a5105a80c8c1af089cd3c26bccd20b9e4c8058b455aa3c34f6,computed_during_inventory,,
/home/shanjinshuo/fno_kerr/kerr_project/outputs/benchmark_track_a_v1/phase_i_wave6_deeponet_20260913/eval_t2399/matrix.json,outputs/benchmark_track_a_v1/phase_i_wave6_deeponet_20260913/eval_t2399/matrix.json,track_a,metrics_metadata,MUST_UPLOAD,primary_package,403118,405504,JSON_READABLE,03_track_a_benchmark/phase_i_wave6_deeponet_20260913/eval_t2399/matrix.json,45f4a572efc38c0ec6c4b7116b51bc076a9a06a591ae57e8b99cd27406788c42,computed_during_inventory,,
/home/shanjinshuo/fno_kerr/kerr_project/outputs/benchmark_track_a_v1/phase_i_wave6_deeponet_20260913/eval_t2399/metrics_t1200.json,outputs/benchmark_track_a_v1/phase_i_wave6_deeponet_20260913/eval_t2399/metrics_t1200.json,track_a,metrics_metadata,MUST_UPLOAD,primary_package,86286,90112,JSON_READABLE,03_track_a_benchmark/phase_i_wave6_deeponet_20260913/eval_t2399/metrics_t1200.json,c5e5a0aa69b055cb0e9c17ab054ed66164f38282a0a82d0dcaa6c2a7d9d96873,computed_during_inventory,,
/home/shanjinshuo/fno_kerr/kerr_project/outputs/benchmark_track_a_v1/phase_i_wave6_deeponet_20260913/eval_t2399/metrics_t2399.json,outputs/benchmark_track_a_v1/phase_i_wave6_deeponet_20260913/eval_t2399/metrics_t2399.json,track_a,metrics_metadata,MUST_UPLOAD,primary_package,86299,90112,JSON_READABLE,03_track_a_benchmark/phase_i_wave6_deeponet_20260913/eval_t2399/metrics_t2399.json,c81b286ade0977672ef2c0fefa8c93e4843c79c1e14b8e945680c66fa996777e,computed_during_inventory,,
/home/shanjinshuo/fno_kerr/kerr_project/outputs/benchmark_track_a_v1/phase_i_wave6_deeponet_20260913/eval_t2399/metrics_t3598.json,outputs/benchmark_track_a_v1/phase_i_wave6_deeponet_20260913/eval_t2399/metrics_t3598.json,track_a,metrics_metadata,MUST_UPLOAD,primary_package,86303,90112,JSON_READABLE,03_track_a_benchmark/phase_i_wave6_deeponet_20260913/eval_t2399/metrics_t3598.json,4d869cb1e7165a46a0fa1ece7f3f46b61322a51c1c24df619269654b382318b3,computed_during_inventory,,
/home/shanjinshuo/fno_kerr/kerr_project/outputs/benchmark_track_a_v1/phase_i_wave6_deeponet_20260913/eval_t2399/metrics_t4797.json,outputs/benchmark_track_a_v1/phase_i_wave6_deeponet_20260913/eval_t2399/metrics_t4797.json,track_a,metrics_metadata,MUST_UPLOAD,primary_package,86303,90112,JSON_READABLE,03_track_a_benchmark/phase_i_wave6_deeponet_20260913/eval_t2399/metrics_t4797.json,4828a2c17702c25f9f047bf39b8bf02ee88b6ce8e562967fb35e643153ce44d8,computed_during_inventory,,
/home/shanjinshuo/fno_kerr/kerr_project/outputs/benchmark_track_a_v1/phase_i_wave6_deeponet_20260913/eval_t2399/prediction_t1200.npz,outputs/benchmark_track_a_v1/phase_i_wave6_deeponet_20260913/eval_t2399/prediction_t1200.npz,track_a,final_prediction,MUST_UPLOAD,primary_package,5325582,5328896,ZIP_CRC_OK,03_track_a_benchmark/phase_i_wave6_deeponet_20260913/eval_t2399/prediction_t1200.npz,857a3d849a1b87e6a8b5dd49766e9cef0f23b290cead78d5504038ebe348e71d,computed_during_inventory,,
/home/shanjinshuo/fno_kerr/kerr_project/outputs/benchmark_track_a_v1/phase_i_wave6_deeponet_20260913/eval_t2399/prediction_t2399.npz,outputs/benchmark_track_a_v1/phase_i_wave6_deeponet_20260913/eval_t2399/prediction_t2399.npz,track_a,final_prediction,MUST_UPLOAD,primary_package,10630587,10633216,ZIP_CRC_OK,03_track_a_benchmark/phase_i_wave6_deeponet_20260913/eval_t2399/prediction_t2399.npz,fb7ff1ba7684f87f9fe154d9ea11da383435b8d138c03cbfc31f2dcd429fa61a,computed_during_inventory,,
/home/shanjinshuo/fno_kerr/kerr_project/outputs/benchmark_track_a_v1/phase_i_wave6_deeponet_20260913/eval_t2399/prediction_t3598.npz,outputs/benchmark_track_a_v1/phase_i_wave6_deeponet_20260913/eval_t2399/prediction_t3598.npz,track_a,final_prediction,MUST_UPLOAD,primary_package,15918187,15921152,ZIP_CRC_OK,03_track_a_benchmark/phase_i_wave6_deeponet_20260913/eval_t2399/prediction_t3598.npz,b41e6848b80b09b554b9b42a87082d23a3fe671b3ecd0a23de88a2d3fe64f5b2,computed_during_inventory,,
/home/shanjinshuo/fno_kerr/kerr_project/outputs/benchmark_track_a_v1/phase_i_wave6_deeponet_20260913/eval_t2399/prediction_t4797.npz,outputs/benchmark_track_a_v1/phase_i_wave6_deeponet_20260913/eval_t2399/prediction_t4797.npz,track_a,final_prediction,MUST_UPLOAD,primary_package,21184401,21184512,ZIP_CRC_OK,03_track_a_benchmark/phase_i_wave6_deeponet_20260913/eval_t2399/prediction_t4797.npz,d1d0e500d884730ca0a79361e1bab8432125f9d8b47dfaaecd6224c09851e181,computed_during_inventory,,
/home/shanjinshuo/fno_kerr/kerr_project/outputs/benchmark_track_a_v1/phase_i_wave6_deeponet_20260913/evaluate_t1200.log,outputs/benchmark_track_a_v1/phase_i_wave6_deeponet_20260913/evaluate_t1200.log,track_a,runtime_log,DO_NOT_UPLOAD,retain_on_server,403130,405504,EXISTS,,951e18ff08877d3694776b60b28049302c1c2ac33b70fdbcb06c704c1b3fc24f,computed_during_inventory,outputs/benchmark_track_a_v1/phase_i_wave6_deeponet_20260913/eval_t1200/matrix.json,
/home/shanjinshuo/fno_kerr/kerr_project/outputs/benchmark_track_a_v1/phase_i_wave6_deeponet_20260913/evaluate_t1200_exit.json,outputs/benchmark_track_a_v1/phase_i_wave6_deeponet_20260913/evaluate_t1200_exit.json,track_a,provenance_summary,RECOMMENDED_UPLOAD,optional_package,118,4096,JSON_READABLE,03_track_a_benchmark/phase_i_wave6_deeponet_20260913/evaluate_t1200_exit.json,a5fc09723c2bb709c1a2ba1bd17198b2b65b2ad850c7cc43af4d60483ec4c6e8,computed_during_inventory,,
/home/shanjinshuo/fno_kerr/kerr_project/outputs/benchmark_track_a_v1/phase_i_wave6_deeponet_20260913/evaluate_t1200_start.json,outputs/benchmark_track_a_v1/phase_i_wave6_deeponet_20260913/evaluate_t1200_start.json,track_a,provenance_summary,RECOMMENDED_UPLOAD,optional_package,711,4096,JSON_READABLE,03_track_a_benchmark/phase_i_wave6_deeponet_20260913/evaluate_t1200_start.json,ea5b163b23999fcffc473b649b37299edc38b4f1ee5629000064ac78ba128b9b,computed_during_inventory,,
/home/shanjinshuo/fno_kerr/kerr_project/outputs/benchmark_track_a_v1/phase_i_wave6_deeponet_20260913/evaluate_t2399.log,outputs/benchmark_track_a_v1/phase_i_wave6_deeponet_20260913/evaluate_t2399.log,track_a,runtime_log,DO_NOT_UPLOAD,retain_on_server,403118,405504,EXISTS,,45f4a572efc38c0ec6c4b7116b51bc076a9a06a591ae57e8b99cd27406788c42,computed_during_inventory,outputs/benchmark_track_a_v1/phase_i_wave6_deeponet_20260913/eval_t2399/matrix.json,
/home/shanjinshuo/fno_kerr/kerr_project/outputs/benchmark_track_a_v1/phase_i_wave6_deeponet_20260913/evaluate_t2399_exit.json,outputs/benchmark_track_a_v1/phase_i_wave6_deeponet_20260913/evaluate_t2399_exit.json,track_a,provenance_summary,RECOMMENDED_UPLOAD,optional_package,118,4096,JSON_READABLE,03_track_a_benchmark/phase_i_wave6_deeponet_20260913/evaluate_t2399_exit.json,5cf11ef4fd02b06379bf519ba9ab2deeeb67bbb08d5f36814c395d5380fa41b6,computed_during_inventory,,
/home/shanjinshuo/fno_kerr/kerr_project/outputs/benchmark_track_a_v1/phase_i_wave6_deeponet_20260913/evaluate_t2399_start.json,outputs/benchmark_track_a_v1/phase_i_wave6_deeponet_20260913/evaluate_t2399_start.json,track_a,provenance_summary,RECOMMENDED_UPLOAD,optional_package,711,4096,JSON_READABLE,03_track_a_benchmark/phase_i_wave6_deeponet_20260913/evaluate_t2399_start.json,5b79ab2779d8d788f92f11166c971d09bbb77e3ec4c5da4f04ef01d504878558,computed_during_inventory,,
/home/shanjinshuo/fno_kerr/kerr_project/outputs/benchmark_track_a_v1/phase_i_wave6_deeponet_20260913/gpu_allocation.json,outputs/benchmark_track_a_v1/phase_i_wave6_deeponet_20260913/gpu_allocation.json,track_a,provenance_summary,RECOMMENDED_UPLOAD,optional_package,610,4096,JSON_READABLE,03_track_a_benchmark/phase_i_wave6_deeponet_20260913/gpu_allocation.json,8e6ad1cd46f5d6881fc1ccc6656e2347c023e1db2b101bac173ce1709ea48482,computed_during_inventory,,
/home/shanjinshuo/fno_kerr/kerr_project/outputs/benchmark_track_a_v1/phase_i_wave6_deeponet_20260913/launch_t1200.json,outputs/benchmark_track_a_v1/phase_i_wave6_deeponet_20260913/launch_t1200.json,track_a,provenance_summary,RECOMMENDED_UPLOAD,optional_package,775,4096,JSON_READABLE,03_track_a_benchmark/phase_i_wave6_deeponet_20260913/launch_t1200.json,15ea7d7d1e0e508ce31cba72998f48ff1b252c7404597952a554e241637dd2db,computed_during_inventory,,
/home/shanjinshuo/fno_kerr/kerr_project/outputs/benchmark_track_a_v1/phase_i_wave6_deeponet_20260913/launch_t2399.json,outputs/benchmark_track_a_v1/phase_i_wave6_deeponet_20260913/launch_t2399.json,track_a,provenance_summary,RECOMMENDED_UPLOAD,optional_package,775,4096,JSON_READABLE,03_track_a_benchmark/phase_i_wave6_deeponet_20260913/launch_t2399.json,67cc73fb310dffed0dc48d06a5d6ebc88f9980df90cdce1d0edd15c70c30a9fe,computed_during_inventory,,
/home/shanjinshuo/fno_kerr/kerr_project/outputs/benchmark_track_a_v1/phase_i_wave6_deeponet_20260913/run_workflow.py,outputs/benchmark_track_a_v1/phase_i_wave6_deeponet_20260913/run_workflow.py,track_a,workflow_source,INDEX_ONLY,retain_on_server,2443,4096,EXISTS,,ff2975f773dbeae91bdb2d706de608259ca8b7e4cf6789152cae672af63b73e8,computed_during_inventory,,
/home/shanjinshuo/fno_kerr/kerr_project/outputs/benchmark_track_a_v1/phase_i_wave6_deeponet_20260913/train_t1200/best_model.pt,outputs/benchmark_track_a_v1/phase_i_wave6_deeponet_20260913/train_t1200/best_model.pt,track_a,best_checkpoint,RECOMMENDED_UPLOAD,optional_package,4354839,4358144,ZIP_CRC_OK,04_best_checkpoints/track_a/phase_i_wave6_deeponet_20260913/train_t1200/best_model.pt,1be54bf1f097bb423b6884f8decf7a0c3abfed0d7e3431afa5fe7daf002311d6,current_file_verified_against_record,,
/home/shanjinshuo/fno_kerr/kerr_project/outputs/benchmark_track_a_v1/phase_i_wave6_deeponet_20260913/train_t1200/epoch_0025.pt,outputs/benchmark_track_a_v1/phase_i_wave6_deeponet_20260913/train_t1200/epoch_0025.pt,track_a,intermediate_checkpoint,DO_NOT_UPLOAD,retain_on_server,17422876,17424384,EXISTS,,,,,
/home/shanjinshuo/fno_kerr/kerr_project/outputs/benchmark_track_a_v1/phase_i_wave6_deeponet_20260913/train_t1200/epoch_0050.pt,outputs/benchmark_track_a_v1/phase_i_wave6_deeponet_20260913/train_t1200/epoch_0050.pt,track_a,intermediate_checkpoint,DO_NOT_UPLOAD,retain_on_server,17423964,17424384,EXISTS,,,,,
/home/shanjinshuo/fno_kerr/kerr_project/outputs/benchmark_track_a_v1/phase_i_wave6_deeponet_20260913/train_t1200/epoch_0075.pt,outputs/benchmark_track_a_v1/phase_i_wave6_deeponet_20260913/train_t1200/epoch_0075.pt,track_a,intermediate_checkpoint,DO_NOT_UPLOAD,retain_on_server,17425116,17428480,EXISTS,,,,,
/home/shanjinshuo/fno_kerr/kerr_project/outputs/benchmark_track_a_v1/phase_i_wave6_deeponet_20260913/train_t1200/epoch_0100.pt,outputs/benchmark_track_a_v1/phase_i_wave6_deeponet_20260913/train_t1200/epoch_0100.pt,track_a,intermediate_checkpoint,DO_NOT_UPLOAD,retain_on_server,17427612,17428480,EXISTS,,,,,
/home/shanjinshuo/fno_kerr/kerr_project/outputs/benchmark_track_a_v1/phase_i_wave6_deeponet_20260913/train_t1200/epoch_0125.pt,outputs/benchmark_track_a_v1/phase_i_wave6_deeponet_20260913/train_t1200/epoch_0125.pt,track_a,intermediate_checkpoint,DO_NOT_UPLOAD,retain_on_server,17428764,17432576,EXISTS,,,,,
/home/shanjinshuo/fno_kerr/kerr_project/outputs/benchmark_track_a_v1/phase_i_wave6_deeponet_20260913/train_t1200/epoch_0150.pt,outputs/benchmark_track_a_v1/phase_i_wave6_deeponet_20260913/train_t1200/epoch_0150.pt,track_a,intermediate_checkpoint,DO_NOT_UPLOAD,retain_on_server,17429852,17432576,EXISTS,,,,,
/home/shanjinshuo/fno_kerr/kerr_project/outputs/benchmark_track_a_v1/phase_i_wave6_deeponet_20260913/train_t1200/epoch_0175.pt,outputs/benchmark_track_a_v1/phase_i_wave6_deeponet_20260913/train_t1200/epoch_0175.pt,track_a,intermediate_checkpoint,DO_NOT_UPLOAD,retain_on_server,17431004,17432576,EXISTS,,,,,
/home/shanjinshuo/fno_kerr/kerr_project/outputs/benchmark_track_a_v1/phase_i_wave6_deeponet_20260913/train_t1200/epoch_0200.pt,outputs/benchmark_track_a_v1/phase_i_wave6_deeponet_20260913/train_t1200/epoch_0200.pt,track_a,intermediate_checkpoint,DO_NOT_UPLOAD,retain_on_server,17432156,17432576,EXISTS,,,,,
/home/shanjinshuo/fno_kerr/kerr_project/outputs/benchmark_track_a_v1/phase_i_wave6_deeponet_20260913/train_t1200/epoch_0225.pt,outputs/benchmark_track_a_v1/phase_i_wave6_deeponet_20260913/train_t1200/epoch_0225.pt,track_a,intermediate_checkpoint,DO_NOT_UPLOAD,retain_on_server,17433244,17436672,EXISTS,,,,,
/home/shanjinshuo/fno_kerr/kerr_project/outputs/benchmark_track_a_v1/phase_i_wave6_deeponet_20260913/train_t1200/epoch_0250.pt,outputs/benchmark_track_a_v1/phase_i_wave6_deeponet_20260913/train_t1200/epoch_0250.pt,track_a,intermediate_checkpoint,DO_NOT_UPLOAD,retain_on_server,17434396,17436672,EXISTS,,,,,
/home/shanjinshuo/fno_kerr/kerr_project/outputs/benchmark_track_a_v1/phase_i_wave6_deeponet_20260913/train_t1200/epoch_0275.pt,outputs/benchmark_track_a_v1/phase_i_wave6_deeponet_20260913/train_t1200/epoch_0275.pt,track_a,intermediate_checkpoint,DO_NOT_UPLOAD,retain_on_server,17435548,17436672,EXISTS,,,,,
/home/shanjinshuo/fno_kerr/kerr_project/outputs/benchmark_track_a_v1/phase_i_wave6_deeponet_20260913/train_t1200/epoch_0300.pt,outputs/benchmark_track_a_v1/phase_i_wave6_deeponet_20260913/train_t1200/epoch_0300.pt,track_a,intermediate_checkpoint,DO_NOT_UPLOAD,retain_on_server,17436700,17440768,EXISTS,,,,,
/home/shanjinshuo/fno_kerr/kerr_project/outputs/benchmark_track_a_v1/phase_i_wave6_deeponet_20260913/train_t1200/epoch_0325.pt,outputs/benchmark_track_a_v1/phase_i_wave6_deeponet_20260913/train_t1200/epoch_0325.pt,track_a,intermediate_checkpoint,DO_NOT_UPLOAD,retain_on_server,17437852,17440768,EXISTS,,,,,
/home/shanjinshuo/fno_kerr/kerr_project/outputs/benchmark_track_a_v1/phase_i_wave6_deeponet_20260913/train_t1200/epoch_0350.pt,outputs/benchmark_track_a_v1/phase_i_wave6_deeponet_20260913/train_t1200/epoch_0350.pt,track_a,intermediate_checkpoint,DO_NOT_UPLOAD,retain_on_server,17439004,17440768,EXISTS,,,,,
/home/shanjinshuo/fno_kerr/kerr_project/outputs/benchmark_track_a_v1/phase_i_wave6_deeponet_20260913/train_t1200/epoch_0375.pt,outputs/benchmark_track_a_v1/phase_i_wave6_deeponet_20260913/train_t1200/epoch_0375.pt,track_a,intermediate_checkpoint,DO_NOT_UPLOAD,retain_on_server,17440156,17440768,EXISTS,,,,,
/home/shanjinshuo/fno_kerr/kerr_project/outputs/benchmark_track_a_v1/phase_i_wave6_deeponet_20260913/train_t1200/epoch_0400.pt,outputs/benchmark_track_a_v1/phase_i_wave6_deeponet_20260913/train_t1200/epoch_0400.pt,track_a,intermediate_checkpoint,DO_NOT_UPLOAD,retain_on_server,17441308,17444864,EXISTS,,,,,
/home/shanjinshuo/fno_kerr/kerr_project/outputs/benchmark_track_a_v1/phase_i_wave6_deeponet_20260913/train_t1200/epoch_0425.pt,outputs/benchmark_track_a_v1/phase_i_wave6_deeponet_20260913/train_t1200/epoch_0425.pt,track_a,intermediate_checkpoint,DO_NOT_UPLOAD,retain_on_server,17442460,17444864,EXISTS,,,,,
/home/shanjinshuo/fno_kerr/kerr_project/outputs/benchmark_track_a_v1/phase_i_wave6_deeponet_20260913/train_t1200/epoch_0450.pt,outputs/benchmark_track_a_v1/phase_i_wave6_deeponet_20260913/train_t1200/epoch_0450.pt,track_a,intermediate_checkpoint,DO_NOT_UPLOAD,retain_on_server,17443612,17444864,EXISTS,,,,,
/home/shanjinshuo/fno_kerr/kerr_project/outputs/benchmark_track_a_v1/phase_i_wave6_deeponet_20260913/train_t1200/epoch_0475.pt,outputs/benchmark_track_a_v1/phase_i_wave6_deeponet_20260913/train_t1200/epoch_0475.pt,track_a,intermediate_checkpoint,DO_NOT_UPLOAD,retain_on_server,17444700,17444864,EXISTS,,,,,
/home/shanjinshuo/fno_kerr/kerr_project/outputs/benchmark_track_a_v1/phase_i_wave6_deeponet_20260913/train_t1200/epoch_0500.pt,outputs/benchmark_track_a_v1/phase_i_wave6_deeponet_20260913/train_t1200/epoch_0500.pt,track_a,intermediate_checkpoint,DO_NOT_UPLOAD,retain_on_server,17445852,17448960,EXISTS,,,,,
/home/shanjinshuo/fno_kerr/kerr_project/outputs/benchmark_track_a_v1/phase_i_wave6_deeponet_20260913/train_t1200/run.json,outputs/benchmark_track_a_v1/phase_i_wave6_deeponet_20260913/train_t1200/run.json,track_a,provenance_summary,RECOMMENDED_UPLOAD,optional_package,5509,8192,JSON_READABLE,03_track_a_benchmark/phase_i_wave6_deeponet_20260913/train_t1200/run.json,c76393bbdd61704f31096eba212a7d8a6c2255141118186c89ca456860b58870,computed_during_inventory,,
/home/shanjinshuo/fno_kerr/kerr_project/outputs/benchmark_track_a_v1/phase_i_wave6_deeponet_20260913/train_t1200/summary.json,outputs/benchmark_track_a_v1/phase_i_wave6_deeponet_20260913/train_t1200/summary.json,track_a,provenance_summary,RECOMMENDED_UPLOAD,optional_package,100163,102400,JSON_READABLE,03_track_a_benchmark/phase_i_wave6_deeponet_20260913/train_t1200/summary.json,5449f6707bd49bd3a4b16846719faf056edfba896867db8ddf883b07f29116ca,computed_during_inventory,,
/home/shanjinshuo/fno_kerr/kerr_project/outputs/benchmark_track_a_v1/phase_i_wave6_deeponet_20260913/train_t1200.log,outputs/benchmark_track_a_v1/phase_i_wave6_deeponet_20260913/train_t1200.log,track_a,runtime_log,DO_NOT_UPLOAD,retain_on_server,94657,98304,EXISTS,,9a77fb75aef4c1cee01e6f8b7a41216f98ce23298f875dc246d70532b11738d9,computed_during_inventory,,
/home/shanjinshuo/fno_kerr/kerr_project/outputs/benchmark_track_a_v1/phase_i_wave6_deeponet_20260913/train_t1200_exit.json,outputs/benchmark_track_a_v1/phase_i_wave6_deeponet_20260913/train_t1200_exit.json,track_a,provenance_summary,RECOMMENDED_UPLOAD,optional_package,115,4096,JSON_READABLE,03_track_a_benchmark/phase_i_wave6_deeponet_20260913/train_t1200_exit.json,4b567a73dc0a462c051aa1beb942977838c39abc332dfc4e49ce03c6af4cfacb,computed_during_inventory,,
/home/shanjinshuo/fno_kerr/kerr_project/outputs/benchmark_track_a_v1/phase_i_wave6_deeponet_20260913/train_t1200_start.json,outputs/benchmark_track_a_v1/phase_i_wave6_deeponet_20260913/train_t1200_start.json,track_a,provenance_summary,RECOMMENDED_UPLOAD,optional_package,621,4096,JSON_READABLE,03_track_a_benchmark/phase_i_wave6_deeponet_20260913/train_t1200_start.json,250edb7031ce3dcd90c77fd526d950433bd9945fd118402d0ea9e90aa8e878a0,computed_during_inventory,,
/home/shanjinshuo/fno_kerr/kerr_project/outputs/benchmark_track_a_v1/phase_i_wave6_deeponet_20260913/train_t2399/best_model.pt,outputs/benchmark_track_a_v1/phase_i_wave6_deeponet_20260913/train_t2399/best_model.pt,track_a,best_checkpoint,RECOMMENDED_UPLOAD,optional_package,4354903,4358144,ZIP_CRC_OK,04_best_checkpoints/track_a/phase_i_wave6_deeponet_20260913/train_t2399/best_model.pt,b51be9e17f0a05c014a072f6afc7a06946feaf86d5eb8ef96f0d47f3796e6caa,current_file_verified_against_record,,
/home/shanjinshuo/fno_kerr/kerr_project/outputs/benchmark_track_a_v1/phase_i_wave6_deeponet_20260913/train_t2399/epoch_0025.pt,outputs/benchmark_track_a_v1/phase_i_wave6_deeponet_20260913/train_t2399/epoch_0025.pt,track_a,intermediate_checkpoint,DO_NOT_UPLOAD,retain_on_server,17422876,17424384,EXISTS,,,,,
/home/shanjinshuo/fno_kerr/kerr_project/outputs/benchmark_track_a_v1/phase_i_wave6_deeponet_20260913/train_t2399/epoch_0050.pt,outputs/benchmark_track_a_v1/phase_i_wave6_deeponet_20260913/train_t2399/epoch_0050.pt,track_a,intermediate_checkpoint,DO_NOT_UPLOAD,retain_on_server,17424028,17424384,EXISTS,,,,,
/home/shanjinshuo/fno_kerr/kerr_project/outputs/benchmark_track_a_v1/phase_i_wave6_deeponet_20260913/train_t2399/epoch_0075.pt,outputs/benchmark_track_a_v1/phase_i_wave6_deeponet_20260913/train_t2399/epoch_0075.pt,track_a,intermediate_checkpoint,DO_NOT_UPLOAD,retain_on_server,17425116,17428480,EXISTS,,,,,
/home/shanjinshuo/fno_kerr/kerr_project/outputs/benchmark_track_a_v1/phase_i_wave6_deeponet_20260913/train_t2399/epoch_0100.pt,outputs/benchmark_track_a_v1/phase_i_wave6_deeponet_20260913/train_t2399/epoch_0100.pt,track_a,intermediate_checkpoint,DO_NOT_UPLOAD,retain_on_server,17427676,17428480,EXISTS,,,,,
/home/shanjinshuo/fno_kerr/kerr_project/outputs/benchmark_track_a_v1/phase_i_wave6_deeponet_20260913/train_t2399/epoch_0125.pt,outputs/benchmark_track_a_v1/phase_i_wave6_deeponet_20260913/train_t2399/epoch_0125.pt,track_a,intermediate_checkpoint,DO_NOT_UPLOAD,retain_on_server,17428764,17432576,EXISTS,,,,,
/home/shanjinshuo/fno_kerr/kerr_project/outputs/benchmark_track_a_v1/phase_i_wave6_deeponet_20260913/train_t2399/epoch_0150.pt,outputs/benchmark_track_a_v1/phase_i_wave6_deeponet_20260913/train_t2399/epoch_0150.pt,track_a,intermediate_checkpoint,DO_NOT_UPLOAD,retain_on_server,17429916,17432576,EXISTS,,,,,
/home/shanjinshuo/fno_kerr/kerr_project/outputs/benchmark_track_a_v1/phase_i_wave6_deeponet_20260913/train_t2399/epoch_0175.pt,outputs/benchmark_track_a_v1/phase_i_wave6_deeponet_20260913/train_t2399/epoch_0175.pt,track_a,intermediate_checkpoint,DO_NOT_UPLOAD,retain_on_server,17431004,17432576,EXISTS,,,,,
/home/shanjinshuo/fno_kerr/kerr_project/outputs/benchmark_track_a_v1/phase_i_wave6_deeponet_20260913/train_t2399/epoch_0200.pt,outputs/benchmark_track_a_v1/phase_i_wave6_deeponet_20260913/train_t2399/epoch_0200.pt,track_a,intermediate_checkpoint,DO_NOT_UPLOAD,retain_on_server,17432156,17432576,EXISTS,,,,,
/home/shanjinshuo/fno_kerr/kerr_project/outputs/benchmark_track_a_v1/phase_i_wave6_deeponet_20260913/train_t2399/epoch_0225.pt,outputs/benchmark_track_a_v1/phase_i_wave6_deeponet_20260913/train_t2399/epoch_0225.pt,track_a,intermediate_checkpoint,DO_NOT_UPLOAD,retain_on_server,17433244,17436672,EXISTS,,,,,
/home/shanjinshuo/fno_kerr/kerr_project/outputs/benchmark_track_a_v1/phase_i_wave6_deeponet_20260913/train_t2399/epoch_0250.pt,outputs/benchmark_track_a_v1/phase_i_wave6_deeponet_20260913/train_t2399/epoch_0250.pt,track_a,intermediate_checkpoint,DO_NOT_UPLOAD,retain_on_server,17434396,17436672,EXISTS,,,,,
/home/shanjinshuo/fno_kerr/kerr_project/outputs/benchmark_track_a_v1/phase_i_wave6_deeponet_20260913/train_t2399/epoch_0275.pt,outputs/benchmark_track_a_v1/phase_i_wave6_deeponet_20260913/train_t2399/epoch_0275.pt,track_a,intermediate_checkpoint,DO_NOT_UPLOAD,retain_on_server,17435548,17436672,EXISTS,,,,,
/home/shanjinshuo/fno_kerr/kerr_project/outputs/benchmark_track_a_v1/phase_i_wave6_deeponet_20260913/train_t2399/epoch_0300.pt,outputs/benchmark_track_a_v1/phase_i_wave6_deeponet_20260913/train_t2399/epoch_0300.pt,track_a,intermediate_checkpoint,DO_NOT_UPLOAD,retain_on_server,17436700,17440768,EXISTS,,,,,
/home/shanjinshuo/fno_kerr/kerr_project/outputs/benchmark_track_a_v1/phase_i_wave6_deeponet_20260913/train_t2399/epoch_0325.pt,outputs/benchmark_track_a_v1/phase_i_wave6_deeponet_20260913/train_t2399/epoch_0325.pt,track_a,intermediate_checkpoint,DO_NOT_UPLOAD,retain_on_server,17437852,17440768,EXISTS,,,,,
/home/shanjinshuo/fno_kerr/kerr_project/outputs/benchmark_track_a_v1/phase_i_wave6_deeponet_20260913/train_t2399/epoch_0350.pt,outputs/benchmark_track_a_v1/phase_i_wave6_deeponet_20260913/train_t2399/epoch_0350.pt,track_a,intermediate_checkpoint,DO_NOT_UPLOAD,retain_on_server,17439004,17440768,EXISTS,,,,,
/home/shanjinshuo/fno_kerr/kerr_project/outputs/benchmark_track_a_v1/phase_i_wave6_deeponet_20260913/train_t2399/epoch_0375.pt,outputs/benchmark_track_a_v1/phase_i_wave6_deeponet_20260913/train_t2399/epoch_0375.pt,track_a,intermediate_checkpoint,DO_NOT_UPLOAD,retain_on_server,17440156,17440768,EXISTS,,,,,
/home/shanjinshuo/fno_kerr/kerr_project/outputs/benchmark_track_a_v1/phase_i_wave6_deeponet_20260913/train_t2399/epoch_0400.pt,outputs/benchmark_track_a_v1/phase_i_wave6_deeponet_20260913/train_t2399/epoch_0400.pt,track_a,intermediate_checkpoint,DO_NOT_UPLOAD,retain_on_server,17441308,17444864,EXISTS,,,,,
/home/shanjinshuo/fno_kerr/kerr_project/outputs/benchmark_track_a_v1/phase_i_wave6_deeponet_20260913/train_t2399/epoch_0425.pt,outputs/benchmark_track_a_v1/phase_i_wave6_deeponet_20260913/train_t2399/epoch_0425.pt,track_a,intermediate_checkpoint,DO_NOT_UPLOAD,retain_on_server,17442460,17444864,EXISTS,,,,,
/home/shanjinshuo/fno_kerr/kerr_project/outputs/benchmark_track_a_v1/phase_i_wave6_deeponet_20260913/train_t2399/epoch_0450.pt,outputs/benchmark_track_a_v1/phase_i_wave6_deeponet_20260913/train_t2399/epoch_0450.pt,track_a,intermediate_checkpoint,DO_NOT_UPLOAD,retain_on_server,17443612,17444864,EXISTS,,,,,
/home/shanjinshuo/fno_kerr/kerr_project/outputs/benchmark_track_a_v1/phase_i_wave6_deeponet_20260913/train_t2399/epoch_0475.pt,outputs/benchmark_track_a_v1/phase_i_wave6_deeponet_20260913/train_t2399/epoch_0475.pt,track_a,intermediate_checkpoint,DO_NOT_UPLOAD,retain_on_server,17444764,17444864,EXISTS,,,,,
/home/shanjinshuo/fno_kerr/kerr_project/outputs/benchmark_track_a_v1/phase_i_wave6_deeponet_20260913/train_t2399/epoch_0500.pt,outputs/benchmark_track_a_v1/phase_i_wave6_deeponet_20260913/train_t2399/epoch_0500.pt,track_a,intermediate_checkpoint,DO_NOT_UPLOAD,retain_on_server,17445916,17448960,EXISTS,,,,,
/home/shanjinshuo/fno_kerr/kerr_project/outputs/benchmark_track_a_v1/phase_i_wave6_deeponet_20260913/train_t2399/run.json,outputs/benchmark_track_a_v1/phase_i_wave6_deeponet_20260913/train_t2399/run.json,track_a,provenance_summary,RECOMMENDED_UPLOAD,optional_package,5527,8192,JSON_READABLE,03_track_a_benchmark/phase_i_wave6_deeponet_20260913/train_t2399/run.json,4d9916188b6658560e7123043dbf2fe2bf066fb3813fddacd3d9a71e968658c5,computed_during_inventory,,
/home/shanjinshuo/fno_kerr/kerr_project/outputs/benchmark_track_a_v1/phase_i_wave6_deeponet_20260913/train_t2399/summary.json,outputs/benchmark_track_a_v1/phase_i_wave6_deeponet_20260913/train_t2399/summary.json,track_a,provenance_summary,RECOMMENDED_UPLOAD,optional_package,99903,102400,JSON_READABLE,03_track_a_benchmark/phase_i_wave6_deeponet_20260913/train_t2399/summary.json,e59820a3d29e927939d48189f219a24d9fed879c97f49baf7810d3e468b2c7f6,computed_during_inventory,,
/home/shanjinshuo/fno_kerr/kerr_project/outputs/benchmark_track_a_v1/phase_i_wave6_deeponet_20260913/train_t2399.log,outputs/benchmark_track_a_v1/phase_i_wave6_deeponet_20260913/train_t2399.log,track_a,runtime_log,DO_NOT_UPLOAD,retain_on_server,94379,98304,EXISTS,,85421caf006862971a9c3f14e22a7496d75ffb3aaea89783952dc250266d1d20,computed_during_inventory,,
/home/shanjinshuo/fno_kerr/kerr_project/outputs/benchmark_track_a_v1/phase_i_wave6_deeponet_20260913/train_t2399_exit.json,outputs/benchmark_track_a_v1/phase_i_wave6_deeponet_20260913/train_t2399_exit.json,track_a,provenance_summary,RECOMMENDED_UPLOAD,optional_package,115,4096,JSON_READABLE,03_track_a_benchmark/phase_i_wave6_deeponet_20260913/train_t2399_exit.json,7d0860f84d9933eca4da6c503d5ca85e0efacdb624a269a8998fc3ad225e874f,computed_during_inventory,,
/home/shanjinshuo/fno_kerr/kerr_project/outputs/benchmark_track_a_v1/phase_i_wave6_deeponet_20260913/train_t2399_start.json,outputs/benchmark_track_a_v1/phase_i_wave6_deeponet_20260913/train_t2399_start.json,track_a,provenance_summary,RECOMMENDED_UPLOAD,optional_package,621,4096,JSON_READABLE,03_track_a_benchmark/phase_i_wave6_deeponet_20260913/train_t2399_start.json,dbcaa09596ab120c42df91e9687aa6a01e7b1ead09c4a5942015b49a1218ad33,computed_during_inventory,,
/home/shanjinshuo/fno_kerr/kerr_project/outputs/benchmark_track_a_v1/phase_i_wave6_deeponet_20260913/wave_execution.json,outputs/benchmark_track_a_v1/phase_i_wave6_deeponet_20260913/wave_execution.json,track_a,provenance_summary,RECOMMENDED_UPLOAD,optional_package,418786,421888,JSON_READABLE,03_track_a_benchmark/phase_i_wave6_deeponet_20260913/wave_execution.json,011bca141106f7df225c054cfbea346e7fa6bd09aa4ee0c7ca0852255ac8f8d3,computed_during_inventory,,
/home/shanjinshuo/fno_kerr/kerr_project/outputs/benchmark_track_a_v1/phase_i_wave6_deeponet_20260913/workflow_t1200.log,outputs/benchmark_track_a_v1/phase_i_wave6_deeponet_20260913/workflow_t1200.log,track_a,runtime_log,DO_NOT_UPLOAD,retain_on_server,0,0,EMPTY_NON_RESULT_FILE,,,,,
/home/shanjinshuo/fno_kerr/kerr_project/outputs/benchmark_track_a_v1/phase_i_wave6_deeponet_20260913/workflow_t1200_complete.json,outputs/benchmark_track_a_v1/phase_i_wave6_deeponet_20260913/workflow_t1200_complete.json,track_a,provenance_summary,RECOMMENDED_UPLOAD,optional_package,118,4096,JSON_READABLE,03_track_a_benchmark/phase_i_wave6_deeponet_20260913/workflow_t1200_complete.json,1a0d84262a815e6167558e7dc0665f47ad3fdffe29bc75473c9f2e651e070a13,computed_during_inventory,,
/home/shanjinshuo/fno_kerr/kerr_project/outputs/benchmark_track_a_v1/phase_i_wave6_deeponet_20260913/workflow_t1200_start.json,outputs/benchmark_track_a_v1/phase_i_wave6_deeponet_20260913/workflow_t1200_start.json,track_a,provenance_summary,RECOMMENDED_UPLOAD,optional_package,211,4096,JSON_READABLE,03_track_a_benchmark/phase_i_wave6_deeponet_20260913/workflow_t1200_start.json,803e4943aef328cfffa89b359f31e115b2c9b2afd78d3cb28e136a4989eec056,computed_during_inventory,,
/home/shanjinshuo/fno_kerr/kerr_project/outputs/benchmark_track_a_v1/phase_i_wave6_deeponet_20260913/workflow_t2399.log,outputs/benchmark_track_a_v1/phase_i_wave6_deeponet_20260913/workflow_t2399.log,track_a,runtime_log,DO_NOT_UPLOAD,retain_on_server,0,0,EMPTY_NON_RESULT_FILE,,,,,
/home/shanjinshuo/fno_kerr/kerr_project/outputs/benchmark_track_a_v1/phase_i_wave6_deeponet_20260913/workflow_t2399_complete.json,outputs/benchmark_track_a_v1/phase_i_wave6_deeponet_20260913/workflow_t2399_complete.json,track_a,provenance_summary,RECOMMENDED_UPLOAD,optional_package,118,4096,JSON_READABLE,03_track_a_benchmark/phase_i_wave6_deeponet_20260913/workflow_t2399_complete.json,6511e25e4462dfd45a75271a3194964027e933256ab8e8da69ee00b2aafa6e24,computed_during_inventory,,
/home/shanjinshuo/fno_kerr/kerr_project/outputs/benchmark_track_a_v1/phase_i_wave6_deeponet_20260913/workflow_t2399_start.json,outputs/benchmark_track_a_v1/phase_i_wave6_deeponet_20260913/workflow_t2399_start.json,track_a,provenance_summary,RECOMMENDED_UPLOAD,optional_package,205,4096,JSON_READABLE,03_track_a_benchmark/phase_i_wave6_deeponet_20260913/workflow_t2399_start.json,afb1e7e86342fc837a9ea6c77adea17b9dbdd92fba2fb6012460f90be6b3666d,computed_during_inventory,,
/home/shanjinshuo/fno_kerr/kerr_project/outputs/plan_b_q400_t1200_to_t2399/frozen_fno_resolution_generalization/coarse_prediction_raw_xyz.npy,outputs/plan_b_q400_t1200_to_t2399/frozen_fno_resolution_generalization/coarse_prediction_raw_xyz.npy,plan_b,final_prediction,MUST_UPLOAD,primary_package,5760128,5763072,NPY_READABLE_FINITE,02_plan_b_fno/plan_b_q400_t1200_to_t2399/frozen_fno_resolution_generalization/coarse_prediction_raw_xyz.npy,60d2ec8c089ceededc2dbbd9ad6726287b94ba76da50e9dc89cb6a8ab1763c64,computed_during_inventory,,
/home/shanjinshuo/fno_kerr/kerr_project/outputs/plan_b_q400_t1200_to_t2399/frozen_fno_resolution_generalization/experiment_summary.json,outputs/plan_b_q400_t1200_to_t2399/frozen_fno_resolution_generalization/experiment_summary.json,plan_b,metrics_metadata,MUST_UPLOAD,primary_package,89241,90112,JSON_READABLE,02_plan_b_fno/plan_b_q400_t1200_to_t2399/frozen_fno_resolution_generalization/experiment_summary.json,ffa7211ab9b799b007075c12004fc2af76568f532844f0bd2cd86267a8c5dbdc,computed_during_inventory,,
/home/shanjinshuo/fno_kerr/kerr_project/outputs/plan_b_q400_t1200_to_t2399/frozen_fno_resolution_generalization/fine_prediction_raw_xyz.npy,outputs/plan_b_q400_t1200_to_t2399/frozen_fno_resolution_generalization/fine_prediction_raw_xyz.npy,plan_b,final_prediction,MUST_UPLOAD,primary_package,11515328,11517952,NPY_READABLE_FINITE,02_plan_b_fno/plan_b_q400_t1200_to_t2399/frozen_fno_resolution_generalization/fine_prediction_raw_xyz.npy,23be396f5044c07f57d2ce625f9416b1821e7713279b76671f34aa86b6fc6c97,computed_during_inventory,,
/home/shanjinshuo/fno_kerr/kerr_project/outputs/plan_b_q400_t1200_to_t2399/frozen_fno_resolution_generalization/metrics.json,outputs/plan_b_q400_t1200_to_t2399/frozen_fno_resolution_generalization/metrics.json,plan_b,metrics_metadata,MUST_UPLOAD,primary_package,1610,4096,JSON_READABLE,02_plan_b_fno/plan_b_q400_t1200_to_t2399/frozen_fno_resolution_generalization/metrics.json,aba2a0288e1686dc0526bdfaf7293a96a2ebd712d2e421bcd62263a8b85c933c,computed_during_inventory,,
/home/shanjinshuo/fno_kerr/kerr_project/outputs/plan_b_q400_t1200_to_t2399/ground_truth_consistency.json,outputs/plan_b_q400_t1200_to_t2399/ground_truth_consistency.json,plan_b,metrics_metadata,MUST_UPLOAD,primary_package,346992,348160,JSON_READABLE,02_plan_b_fno/plan_b_q400_t1200_to_t2399/ground_truth_consistency.json,ec8f4250eda65874d48cb0dc358995348069f1ce62801aa714c3a3102dae381e,computed_during_inventory,,
/home/shanjinshuo/fno_kerr/kerr_project/outputs/plan_b_bidirectional_t1200_t2399/bidirectional_resolution_matrix.json,outputs/plan_b_bidirectional_t1200_t2399/bidirectional_resolution_matrix.json,plan_b,metrics_metadata,MUST_UPLOAD,primary_package,2611,4096,JSON_READABLE,02_plan_b_fno/plan_b_bidirectional_t1200_t2399/bidirectional_resolution_matrix.json,6ee8b28241997f12f9887ba99b3fd901dc92264fbc460566440b175997523cbe,computed_during_inventory,,
/home/shanjinshuo/fno_kerr/kerr_project/outputs/plan_b_bidirectional_t1200_t2399/experiment_summary.json,outputs/plan_b_bidirectional_t1200_t2399/experiment_summary.json,plan_b,metrics_metadata,MUST_UPLOAD,primary_package,1924185,1925120,JSON_READABLE,02_plan_b_fno/plan_b_bidirectional_t1200_t2399/experiment_summary.json,5903ccfe118b146c6480eb62cf439f5d74379279d6405a6758b07842b27d2900,computed_during_inventory,,
/home/shanjinshuo/fno_kerr/kerr_project/outputs/plan_b_bidirectional_t1200_t2399/theta2399_q400_evaluation/experiment_summary.json,outputs/plan_b_bidirectional_t1200_t2399/theta2399_q400_evaluation/experiment_summary.json,plan_b,metrics_metadata,MUST_UPLOAD,primary_package,85508,86016,JSON_READABLE,02_plan_b_fno/plan_b_bidirectional_t1200_t2399/theta2399_q400_evaluation/experiment_summary.json,7cccd9d3191973bdf52155e0725d97ed0679c5c7230f6eb365b800318156621f,computed_during_inventory,,
/home/shanjinshuo/fno_kerr/kerr_project/outputs/plan_b_bidirectional_t1200_t2399/theta2399_q400_evaluation/metrics.json,outputs/plan_b_bidirectional_t1200_t2399/theta2399_q400_evaluation/metrics.json,plan_b,metrics_metadata,MUST_UPLOAD,primary_package,1066,4096,JSON_READABLE,02_plan_b_fno/plan_b_bidirectional_t1200_t2399/theta2399_q400_evaluation/metrics.json,c51855a1a3fd91a71612ed84ab74c1b1a4d2ee041ab283dcf3b033e005e94b0c,computed_during_inventory,,
/home/shanjinshuo/fno_kerr/kerr_project/outputs/plan_b_bidirectional_t1200_t2399/theta2399_q400_evaluation/theta2399_native_t2399_prediction_raw_xyz.npy,outputs/plan_b_bidirectional_t1200_t2399/theta2399_q400_evaluation/theta2399_native_t2399_prediction_raw_xyz.npy,plan_b,final_prediction,MUST_UPLOAD,primary_package,11515328,11517952,NPY_READABLE_FINITE,02_plan_b_fno/plan_b_bidirectional_t1200_t2399/theta2399_q400_evaluation/theta2399_native_t2399_prediction_raw_xyz.npy,1671d71163d3d0ff7bc1ea628b9649faf4682d7dca5eca27cf74b86bbbf8e05c,computed_during_inventory,,
/home/shanjinshuo/fno_kerr/kerr_project/outputs/plan_b_bidirectional_t1200_t2399/theta2399_q400_evaluation/theta2399_reverse_t1200_prediction_raw_xyz.npy,outputs/plan_b_bidirectional_t1200_t2399/theta2399_q400_evaluation/theta2399_reverse_t1200_prediction_raw_xyz.npy,plan_b,final_prediction,MUST_UPLOAD,primary_package,5760128,5763072,NPY_READABLE_FINITE,02_plan_b_fno/plan_b_bidirectional_t1200_t2399/theta2399_q400_evaluation/theta2399_reverse_t1200_prediction_raw_xyz.npy,a864d80a0f6ab54eb4a4d2ec53d003d0d761ddf71763176f8811709aebcb771c,computed_during_inventory,,
/home/shanjinshuo/fno_kerr/kerr_project/outputs/plan_b_bidirectional_t1200_t2399/training/checkpoints/best_model.pt,outputs/plan_b_bidirectional_t1200_t2399/training/checkpoints/best_model.pt,plan_b,best_checkpoint,RECOMMENDED_UPLOAD,optional_package,402989922,402997248,ZIP_CRC_OK,04_best_checkpoints/plan_b/theta2399/best_model.pt,97ca9fdbd9044e617e251c0c7b80c7cc2089530ff259ac5854cc616b2c7f8745,computed_during_inventory,,
/home/shanjinshuo/fno_kerr/kerr_project/outputs/plan_b_bidirectional_t1200_t2399/training/checkpoints/last_model.pt,outputs/plan_b_bidirectional_t1200_t2399/training/checkpoints/last_model.pt,plan_b,intermediate_checkpoint,DO_NOT_UPLOAD,retain_on_server,402989922,402997248,EXISTS,,57e81b7e372c7c9dbf1591eeb3e4efd16de2541f92033e1be07e5c8fddfb557a,computed_during_inventory,,
/home/shanjinshuo/fno_kerr/kerr_project/outputs/plan_b_bidirectional_t1200_t2399/training/run_config.json,outputs/plan_b_bidirectional_t1200_t2399/training/run_config.json,plan_b,provenance_summary,RECOMMENDED_UPLOAD,optional_package,3836,4096,JSON_READABLE,02_plan_b_fno/plan_b_bidirectional_t1200_t2399/training/run_config.json,0936017efe735fbeff9baf4cc80159171306e5ded4541821f07233b1c6e44efe,computed_during_inventory,,
/home/shanjinshuo/fno_kerr/kerr_project/outputs/plan_b_bidirectional_t1200_t2399/training/train_history.json,outputs/plan_b_bidirectional_t1200_t2399/training/train_history.json,plan_b,provenance_summary,RECOMMENDED_UPLOAD,optional_package,66267,69632,JSON_READABLE,02_plan_b_fno/plan_b_bidirectional_t1200_t2399/training/train_history.json,773fa0b0410fec4795eda5a2c541b72399cf9bfff0f1a51bd4d8a72955a3f6ef,computed_during_inventory,,
/home/shanjinshuo/fno_kerr/kerr_project/outputs/plan_b_bidirectional_t1200_t2399/training/train_summary.json,outputs/plan_b_bidirectional_t1200_t2399/training/train_summary.json,plan_b,provenance_summary,RECOMMENDED_UPLOAD,optional_package,1073,4096,JSON_READABLE,02_plan_b_fno/plan_b_bidirectional_t1200_t2399/training/train_summary.json,c4785b0426d52db9e20dd4a91f0b376996cea73c6bb37b22a2f57ddc6393df14,computed_during_inventory,,
/home/shanjinshuo/fno_kerr/kerr_project/outputs/plan_b_bidirectional_t1200_t2399/workflow_state.json,outputs/plan_b_bidirectional_t1200_t2399/workflow_state.json,plan_b,provenance_summary,RECOMMENDED_UPLOAD,optional_package,6810,8192,JSON_READABLE,02_plan_b_fno/plan_b_bidirectional_t1200_t2399/workflow_state.json,851109222fae0be82d138c1fd91b7ff7f29be4a2d8baaf0c9819ad1b45e97a12,computed_during_inventory,,
/home/shanjinshuo/fno_kerr/kerr_project/outputs/plan_b_resolution_range_t1200_t2399_t3598_t4797/experiment_summary.json,outputs/plan_b_resolution_range_t1200_t2399_t3598_t4797/experiment_summary.json,plan_b,metrics_metadata,MUST_UPLOAD,primary_package,787830,790528,JSON_READABLE,02_plan_b_fno/plan_b_resolution_range_t1200_t2399_t3598_t4797/experiment_summary.json,8f543a678a20847d57433ad9f5e0b32a20d24db070f00d4d4aaa841b94cb195e,computed_during_inventory,,
/home/shanjinshuo/fno_kerr/kerr_project/outputs/plan_b_resolution_range_t1200_t2399_t3598_t4797/ground_truth_qualification/t3598.json,outputs/plan_b_resolution_range_t1200_t2399_t3598_t4797/ground_truth_qualification/t3598.json,plan_b,metrics_metadata,MUST_UPLOAD,primary_package,346941,348160,JSON_READABLE,02_plan_b_fno/plan_b_resolution_range_t1200_t2399_t3598_t4797/ground_truth_qualification/t3598.json,bf5e0a5f244533c9e54d8610c01f41e6b8f02bd37f804372dc569cdb542927fb,computed_during_inventory,,
/home/shanjinshuo/fno_kerr/kerr_project/outputs/plan_b_resolution_range_t1200_t2399_t3598_t4797/ground_truth_qualification/t4797.json,outputs/plan_b_resolution_range_t1200_t2399_t3598_t4797/ground_truth_qualification/t4797.json,plan_b,metrics_metadata,MUST_UPLOAD,primary_package,346879,348160,JSON_READABLE,02_plan_b_fno/plan_b_resolution_range_t1200_t2399_t3598_t4797/ground_truth_qualification/t4797.json,4b961a5ae2e4b6fb315c10476e0ed411106d6e37f7b87c6483a8aebeceff8c85,computed_during_inventory,,
/home/shanjinshuo/fno_kerr/kerr_project/outputs/plan_b_resolution_range_t1200_t2399_t3598_t4797/new_evaluations/theta1200_t3598/experiment_summary.json,outputs/plan_b_resolution_range_t1200_t2399_t3598_t4797/new_evaluations/theta1200_t3598/experiment_summary.json,plan_b,metrics_metadata,MUST_UPLOAD,primary_package,85958,86016,JSON_READABLE,02_plan_b_fno/plan_b_resolution_range_t1200_t2399_t3598_t4797/new_evaluations/theta1200_t3598/experiment_summary.json,283ab78490ca31711e0b42326cb1ca5acbef1be96076e4311b7c570d654ff632,computed_during_inventory,,
/home/shanjinshuo/fno_kerr/kerr_project/outputs/plan_b_resolution_range_t1200_t2399_t3598_t4797/new_evaluations/theta1200_t3598/metrics.json,outputs/plan_b_resolution_range_t1200_t2399_t3598_t4797/new_evaluations/theta1200_t3598/metrics.json,plan_b,metrics_metadata,MUST_UPLOAD,primary_package,474,4096,JSON_READABLE,02_plan_b_fno/plan_b_resolution_range_t1200_t2399_t3598_t4797/new_evaluations/theta1200_t3598/metrics.json,f3a37fc0fc125b491e674f407365b0fce53a4d502ac1f830d39a867006a6d125,computed_during_inventory,,
/home/shanjinshuo/fno_kerr/kerr_project/outputs/plan_b_resolution_range_t1200_t2399_t3598_t4797/new_evaluations/theta1200_t3598/theta1200_t3598_prediction_raw_xyz.npy,outputs/plan_b_resolution_range_t1200_t2399_t3598_t4797/new_evaluations/theta1200_t3598/theta1200_t3598_prediction_raw_xyz.npy,plan_b,final_prediction,MUST_UPLOAD,primary_package,17270528,17272832,NPY_READABLE_FINITE,02_plan_b_fno/plan_b_resolution_range_t1200_t2399_t3598_t4797/new_evaluations/theta1200_t3598/theta1200_t3598_prediction_raw_xyz.npy,3b40f6761c1e57f84e8293f06dd433933e94c82c069931382ab3e4a7d7f92476,computed_during_inventory,,
/home/shanjinshuo/fno_kerr/kerr_project/outputs/plan_b_resolution_range_t1200_t2399_t3598_t4797/new_evaluations/theta1200_t4797/experiment_summary.json,outputs/plan_b_resolution_range_t1200_t2399_t3598_t4797/new_evaluations/theta1200_t4797/experiment_summary.json,plan_b,metrics_metadata,MUST_UPLOAD,primary_package,85942,86016,JSON_READABLE,02_plan_b_fno/plan_b_resolution_range_t1200_t2399_t3598_t4797/new_evaluations/theta1200_t4797/experiment_summary.json,b812f9cf2de9a91e36f930b040164a68947e978dc4d94fb4c9b30dc7e060fecf,computed_during_inventory,,
/home/shanjinshuo/fno_kerr/kerr_project/outputs/plan_b_resolution_range_t1200_t2399_t3598_t4797/new_evaluations/theta1200_t4797/metrics.json,outputs/plan_b_resolution_range_t1200_t2399_t3598_t4797/new_evaluations/theta1200_t4797/metrics.json,plan_b,metrics_metadata,MUST_UPLOAD,primary_package,474,4096,JSON_READABLE,02_plan_b_fno/plan_b_resolution_range_t1200_t2399_t3598_t4797/new_evaluations/theta1200_t4797/metrics.json,f7353b10a8aa8ee38ddcc7577c68f25cd8bbb0fa4e767b613c41a5a354959b14,computed_during_inventory,,
/home/shanjinshuo/fno_kerr/kerr_project/outputs/plan_b_resolution_range_t1200_t2399_t3598_t4797/new_evaluations/theta1200_t4797/theta1200_t4797_prediction_raw_xyz.npy,outputs/plan_b_resolution_range_t1200_t2399_t3598_t4797/new_evaluations/theta1200_t4797/theta1200_t4797_prediction_raw_xyz.npy,plan_b,final_prediction,MUST_UPLOAD,primary_package,23025728,23027712,NPY_READABLE_FINITE,02_plan_b_fno/plan_b_resolution_range_t1200_t2399_t3598_t4797/new_evaluations/theta1200_t4797/theta1200_t4797_prediction_raw_xyz.npy,38b3b9adfbe7f3ca3e2552cf28917164534309b7f050eb45dbec0056decf7113,computed_during_inventory,,
/home/shanjinshuo/fno_kerr/kerr_project/outputs/plan_b_resolution_range_t1200_t2399_t3598_t4797/new_evaluations/theta2399_t3598/experiment_summary.json,outputs/plan_b_resolution_range_t1200_t2399_t3598_t4797/new_evaluations/theta2399_t3598/experiment_summary.json,plan_b,metrics_metadata,MUST_UPLOAD,primary_package,85955,86016,JSON_READABLE,02_plan_b_fno/plan_b_resolution_range_t1200_t2399_t3598_t4797/new_evaluations/theta2399_t3598/experiment_summary.json,caa066ec746d283ea928b07fd6c192738324d21bc4c8fb336dec61361e903495,computed_during_inventory,,
/home/shanjinshuo/fno_kerr/kerr_project/outputs/plan_b_resolution_range_t1200_t2399_t3598_t4797/new_evaluations/theta2399_t3598/metrics.json,outputs/plan_b_resolution_range_t1200_t2399_t3598_t4797/new_evaluations/theta2399_t3598/metrics.json,plan_b,metrics_metadata,MUST_UPLOAD,primary_package,475,4096,JSON_READABLE,02_plan_b_fno/plan_b_resolution_range_t1200_t2399_t3598_t4797/new_evaluations/theta2399_t3598/metrics.json,868aa4ab8ea88da0a68fda905a2366aa1d73ed015bd4e65a339ae39093b03516,computed_during_inventory,,
/home/shanjinshuo/fno_kerr/kerr_project/outputs/plan_b_resolution_range_t1200_t2399_t3598_t4797/new_evaluations/theta2399_t3598/theta2399_t3598_prediction_raw_xyz.npy,outputs/plan_b_resolution_range_t1200_t2399_t3598_t4797/new_evaluations/theta2399_t3598/theta2399_t3598_prediction_raw_xyz.npy,plan_b,final_prediction,MUST_UPLOAD,primary_package,17270528,17272832,NPY_READABLE_FINITE,02_plan_b_fno/plan_b_resolution_range_t1200_t2399_t3598_t4797/new_evaluations/theta2399_t3598/theta2399_t3598_prediction_raw_xyz.npy,dc49b1e137f3193eab4464810433cbbec8f06598b80c637ab0f4406480cf7c4d,computed_during_inventory,,
/home/shanjinshuo/fno_kerr/kerr_project/outputs/plan_b_resolution_range_t1200_t2399_t3598_t4797/new_evaluations/theta2399_t4797/experiment_summary.json,outputs/plan_b_resolution_range_t1200_t2399_t3598_t4797/new_evaluations/theta2399_t4797/experiment_summary.json,plan_b,metrics_metadata,MUST_UPLOAD,primary_package,85937,86016,JSON_READABLE,02_plan_b_fno/plan_b_resolution_range_t1200_t2399_t3598_t4797/new_evaluations/theta2399_t4797/experiment_summary.json,4376d6d3691ddcdef7e33d9fd5df8b8d2ecc20f130dbfd25292be4e04e8ed73b,computed_during_inventory,,
/home/shanjinshuo/fno_kerr/kerr_project/outputs/plan_b_resolution_range_t1200_t2399_t3598_t4797/new_evaluations/theta2399_t4797/metrics.json,outputs/plan_b_resolution_range_t1200_t2399_t3598_t4797/new_evaluations/theta2399_t4797/metrics.json,plan_b,metrics_metadata,MUST_UPLOAD,primary_package,473,4096,JSON_READABLE,02_plan_b_fno/plan_b_resolution_range_t1200_t2399_t3598_t4797/new_evaluations/theta2399_t4797/metrics.json,ae0b5250d6ca3cc9650c5f51fc7573bbbdb1124ffc647f5c905048f570053f21,computed_during_inventory,,
/home/shanjinshuo/fno_kerr/kerr_project/outputs/plan_b_resolution_range_t1200_t2399_t3598_t4797/new_evaluations/theta2399_t4797/theta2399_t4797_prediction_raw_xyz.npy,outputs/plan_b_resolution_range_t1200_t2399_t3598_t4797/new_evaluations/theta2399_t4797/theta2399_t4797_prediction_raw_xyz.npy,plan_b,final_prediction,MUST_UPLOAD,primary_package,23025728,23027712,NPY_READABLE_FINITE,02_plan_b_fno/plan_b_resolution_range_t1200_t2399_t3598_t4797/new_evaluations/theta2399_t4797/theta2399_t4797_prediction_raw_xyz.npy,7c222fdbcb8d14593802abff697baba458516d677f7efb2ed3585719f2a02543,computed_during_inventory,,
/home/shanjinshuo/fno_kerr/kerr_project/outputs/plan_b_resolution_range_t1200_t2399_t3598_t4797/resolution_curve.json,outputs/plan_b_resolution_range_t1200_t2399_t3598_t4797/resolution_curve.json,plan_b,metrics_metadata,MUST_UPLOAD,primary_package,7041,8192,JSON_READABLE,02_plan_b_fno/plan_b_resolution_range_t1200_t2399_t3598_t4797/resolution_curve.json,aea35bacd4d2b1f695ee8e8ac04fe4a14dbe8dbb31550af8a94a3872323bbe97,computed_during_inventory,,
/home/shanjinshuo/fno_kerr/kerr_project/outputs/plan_b_resolution_range_t1200_t2399_t3598_t4797/resolution_range_matrix.json,outputs/plan_b_resolution_range_t1200_t2399_t3598_t4797/resolution_range_matrix.json,plan_b,metrics_metadata,MUST_UPLOAD,primary_package,8405,12288,JSON_READABLE,02_plan_b_fno/plan_b_resolution_range_t1200_t2399_t3598_t4797/resolution_range_matrix.json,8c3adee8f1d21ba74de6a21a47856a80514357ad6763e8d448bc7132c798a0b9,computed_during_inventory,,
/home/shanjinshuo/fno_kerr/kerr_project/outputs/plan_b_resolution_range_t1200_t2399_t3598_t4797/workflow_state.json,outputs/plan_b_resolution_range_t1200_t2399_t3598_t4797/workflow_state.json,plan_b,provenance_summary,RECOMMENDED_UPLOAD,optional_package,3302,4096,JSON_READABLE,02_plan_b_fno/plan_b_resolution_range_t1200_t2399_t3598_t4797/workflow_state.json,fcd3f39156697365369311589fa47dd49ee47c6d7f5bffe4cca8623f06c21188,computed_during_inventory,,
/home/shanjinshuo/fno_kerr/kerr_project/outputs/q_1p6-3_n2000_t1200/fno2d_m16x32_w64_d4_e500/analysis/analysis_summary.json,outputs/q_1p6-3_n2000_t1200/fno2d_m16x32_w64_d4_e500/analysis/analysis_summary.json,plan_b,historical_native_test,DO_NOT_UPLOAD,retain_on_server,13248,16384,JSON_READABLE,,bc0af88b18c156f409f88c9f6dec137d5db722c3f9d451c8bb31f81eae83f628,computed_during_inventory,,"Historical 300-row native test, not Plan B Q400 final evaluation."
/home/shanjinshuo/fno_kerr/kerr_project/outputs/q_1p6-3_n2000_t1200/fno2d_m16x32_w64_d4_e500/checkpoints/best_model.pt,outputs/q_1p6-3_n2000_t1200/fno2d_m16x32_w64_d4_e500/checkpoints/best_model.pt,plan_b,best_checkpoint,RECOMMENDED_UPLOAD,optional_package,402989986,402997248,ZIP_CRC_OK,04_best_checkpoints/plan_b/theta1200/best_model.pt,db5cb795af32a91a24ef61c0b87e07fa7352be62201dfa8ca834dd31b5d63b33,computed_during_inventory,,
/home/shanjinshuo/fno_kerr/kerr_project/outputs/q_1p6-3_n2000_t1200/fno2d_m16x32_w64_d4_e500/checkpoints/last_model.pt,outputs/q_1p6-3_n2000_t1200/fno2d_m16x32_w64_d4_e500/checkpoints/last_model.pt,plan_b,intermediate_checkpoint,DO_NOT_UPLOAD,retain_on_server,402989986,402997248,EXISTS,,76253ad8c90899c8edfbd40a5af76c5d21f913a38c7d5010f2d92544c2308d29,computed_during_inventory,,
/home/shanjinshuo/fno_kerr/kerr_project/outputs/q_1p6-3_n2000_t1200/fno2d_m16x32_w64_d4_e500/inference/metrics.json,outputs/q_1p6-3_n2000_t1200/fno2d_m16x32_w64_d4_e500/inference/metrics.json,plan_b,historical_native_test,DO_NOT_UPLOAD,retain_on_server,481,4096,JSON_READABLE,,406949a1a4826ba4e6f32df74b67d64ca46e4695f6eaa56e68ff7abf5814de6c,computed_during_inventory,,"Historical 300-row native test, not Plan B Q400 final evaluation."
/home/shanjinshuo/fno_kerr/kerr_project/outputs/q_1p6-3_n2000_t1200/fno2d_m16x32_w64_d4_e500/inference/predictions.npy,outputs/q_1p6-3_n2000_t1200/fno2d_m16x32_w64_d4_e500/inference/predictions.npy,plan_b,historical_native_test,DO_NOT_UPLOAD,retain_on_server,4320128,4321280,EXISTS,,572c315842ab1bbf7d4f9c9610ea149fac6d042f033181fc11116a4eadd0f644,computed_during_inventory,,"Historical 300-row native test, not Plan B Q400 final evaluation."
/home/shanjinshuo/fno_kerr/kerr_project/outputs/q_1p6-3_n2000_t1200/fno2d_m16x32_w64_d4_e500/inference/predictions_model_space.npy,outputs/q_1p6-3_n2000_t1200/fno2d_m16x32_w64_d4_e500/inference/predictions_model_space.npy,plan_b,historical_native_test,DO_NOT_UPLOAD,retain_on_server,4320128,4321280,EXISTS,,42b29e3cbc318e3d6af6edad6fbd8c55d633d5941e6bd78ee50b20286c874f18,computed_during_inventory,,"Historical 300-row native test, not Plan B Q400 final evaluation."
/home/shanjinshuo/fno_kerr/kerr_project/outputs/q_1p6-3_n2000_t1200/fno2d_m16x32_w64_d4_e500/inference/targets.npy,outputs/q_1p6-3_n2000_t1200/fno2d_m16x32_w64_d4_e500/inference/targets.npy,plan_b,historical_native_test,DO_NOT_UPLOAD,retain_on_server,4320128,4321280,EXISTS,,d57dfc1d3a10f01f65c10fa3515d945eba00f96aae2a36eda88d285d719ac1a2,computed_during_inventory,,"Historical 300-row native test, not Plan B Q400 final evaluation."
/home/shanjinshuo/fno_kerr/kerr_project/outputs/q_1p6-3_n2000_t1200/fno2d_m16x32_w64_d4_e500/inference/targets_model_space.npy,outputs/q_1p6-3_n2000_t1200/fno2d_m16x32_w64_d4_e500/inference/targets_model_space.npy,plan_b,historical_native_test,DO_NOT_UPLOAD,retain_on_server,4320128,4321280,EXISTS,,0a8936f465586dbe240ab24a83e3e54a28f741e1f8acfca7d88f3f384300ef93,computed_during_inventory,,"Historical 300-row native test, not Plan B Q400 final evaluation."
/home/shanjinshuo/fno_kerr/kerr_project/outputs/q_1p6-3_n2000_t1200/fno2d_m16x32_w64_d4_e500/inference/targets_raw_reference.npy,outputs/q_1p6-3_n2000_t1200/fno2d_m16x32_w64_d4_e500/inference/targets_raw_reference.npy,plan_b,historical_native_test,DO_NOT_UPLOAD,retain_on_server,4320128,4321280,EXISTS,,760e9af6c22b2762d127922a8530bdf04267267d100ffc7ce8729d6a1733732b,computed_during_inventory,,"Historical 300-row native test, not Plan B Q400 final evaluation."
/home/shanjinshuo/fno_kerr/kerr_project/outputs/q_1p6-3_n2000_t1200/fno2d_m16x32_w64_d4_e500/inference/timing.json,outputs/q_1p6-3_n2000_t1200/fno2d_m16x32_w64_d4_e500/inference/timing.json,plan_b,historical_native_test,DO_NOT_UPLOAD,retain_on_server,1504,4096,JSON_READABLE,,1f1a1326d53092f6c4023d1f35aff0a2622414ba260e5361b5288cc8e09eb365,computed_during_inventory,,"Historical 300-row native test, not Plan B Q400 final evaluation."
/home/shanjinshuo/fno_kerr/kerr_project/outputs/q_1p6-3_n2000_t1200/fno2d_m16x32_w64_d4_e500/logs/train_history.json,outputs/q_1p6-3_n2000_t1200/fno2d_m16x32_w64_d4_e500/logs/train_history.json,plan_b,provenance_summary,RECOMMENDED_UPLOAD,optional_package,76286,77824,JSON_READABLE,02_plan_b_fno/fno2d_m16x32_w64_d4_e500/logs/train_history.json,011ccbb0f66513bd3a28f4954bc551cba9b2b423bacf28de7f0263e3c683eee3,computed_during_inventory,,
/home/shanjinshuo/fno_kerr/kerr_project/outputs/q_1p6-3_n2000_t1200/fno2d_m16x32_w64_d4_e500/logs/train_summary.json,outputs/q_1p6-3_n2000_t1200/fno2d_m16x32_w64_d4_e500/logs/train_summary.json,plan_b,provenance_summary,RECOMMENDED_UPLOAD,optional_package,13430,16384,JSON_READABLE,02_plan_b_fno/fno2d_m16x32_w64_d4_e500/logs/train_summary.json,7948bd20239c53cea86011a20606ff33469c7b74e123b06f2d61d49929f9a1aa,computed_during_inventory,,
/home/shanjinshuo/fno_kerr/kerr_project/outputs/q_1p6-3_n2000_t1200/fno2d_m16x32_w64_d4_e500/run_config.json,outputs/q_1p6-3_n2000_t1200/fno2d_m16x32_w64_d4_e500/run_config.json,plan_b,provenance_summary,RECOMMENDED_UPLOAD,optional_package,4945,8192,JSON_READABLE,02_plan_b_fno/fno2d_m16x32_w64_d4_e500/run_config.json,d03814c899f26624020d412259fe6042fef39ffaa8ae5d156ef068acc3363990,computed_during_inventory,,
/home/shanjinshuo/fno_kerr/kerr_project/outputs/q_1p6-3_n2000_t1200/fno2d_m16x32_w64_d4_e500/summary.json,outputs/q_1p6-3_n2000_t1200/fno2d_m16x32_w64_d4_e500/summary.json,plan_b,provenance_summary,RECOMMENDED_UPLOAD,optional_package,3148,4096,JSON_READABLE,02_plan_b_fno/fno2d_m16x32_w64_d4_e500/summary.json,b4c99279e15e3033a04ac1d47394417a6a46788f99c00d956b35e32f70c716aa,computed_during_inventory,,
/home/shanjinshuo/fno_kerr/kerr_project/scripts/evaluate_formal_length_extrapolation_2d.py,scripts/evaluate_formal_length_extrapolation_2d.py,source,source_code,INDEX_ONLY,retain_on_server,34678,36864,EXISTS,,cb96a639e2e4ace97014178b01f00c45d7d5f7cec2098ba60d5e36e15698a537,current_file_verified_against_record,,Use repository/source commit; do not duplicate source in dataset package.
/home/shanjinshuo/fno_kerr/kerr_project/scripts/evaluate_plan_b_resolution_generalization_2d.py,scripts/evaluate_plan_b_resolution_generalization_2d.py,source,source_code,INDEX_ONLY,retain_on_server,19897,20480,EXISTS,,ad85646be2147e9771a1aa405a76917a0933150b7d54d6ae0af5772c3d546737,current_file_verified_against_record,,Use repository/source commit; do not duplicate source in dataset package.
/home/shanjinshuo/fno_kerr/kerr_project/scripts/generate_dataset.py,scripts/generate_dataset.py,source,source_code,INDEX_ONLY,retain_on_server,9100,12288,EXISTS,,4e1b1b2715ba91fbfc3a9b2c47ece35d1e7f9f41281ac2e094549d23add33dc8,computed_during_inventory,,Use repository/source commit; do not duplicate source in dataset package.
/home/shanjinshuo/fno_kerr/kerr_project/scripts/generate_plan_b_paired_fine_dataset.py,scripts/generate_plan_b_paired_fine_dataset.py,source,source_code,INDEX_ONLY,retain_on_server,1687,4096,EXISTS,,1604b0cfb4b04e14d9b6513eb91190792eadf28e00f9564e584fb13a0da02e6f,computed_during_inventory,,Use repository/source commit; do not duplicate source in dataset package.
/home/shanjinshuo/fno_kerr/kerr_project/scripts/run_benchmark_track_a.py,scripts/run_benchmark_track_a.py,source,source_code,INDEX_ONLY,retain_on_server,2288,4096,EXISTS,,975a2a3f309fea534535c28c0d9cf5d3ed95d534214fc7ea42511a1128a5650e,current_file_verified_against_record,,Use repository/source commit; do not duplicate source in dataset package.
/home/shanjinshuo/fno_kerr/kerr_project/scripts/run_plan_b_bidirectional_reverse_2d.py,scripts/run_plan_b_bidirectional_reverse_2d.py,source,source_code,INDEX_ONLY,retain_on_server,29110,32768,EXISTS,,9a20b5dde537ee0c3e3ffbb36fb5f4978ef1634df071b16f4c8519f93f5537d9,computed_during_inventory,,Use repository/source commit; do not duplicate source in dataset package.
/home/shanjinshuo/fno_kerr/kerr_project/scripts/run_plan_b_resolution_range_sweep_2d.py,scripts/run_plan_b_resolution_range_sweep_2d.py,source,source_code,INDEX_ONLY,retain_on_server,22843,24576,EXISTS,,fbf6d31263e7aa0c2ef5fb3bcd4a61ec02b303846ce8ac4715645b076f1b18ee,computed_during_inventory,,Use repository/source commit; do not duplicate source in dataset package.
/home/shanjinshuo/fno_kerr/kerr_project/scripts/validate_plan_b_ground_truth.py,scripts/validate_plan_b_ground_truth.py,source,source_code,INDEX_ONLY,retain_on_server,1442,4096,EXISTS,,54b4c8b37718de2e9e1370bb1474d7db07cd3d926da094e9c932e6399b9395c4,computed_during_inventory,,Use repository/source commit; do not duplicate source in dataset package.
/home/shanjinshuo/fno_kerr/kerr_project/src/data_generation/__init__.py,src/data_generation/__init__.py,source,source_code,INDEX_ONLY,retain_on_server,0,0,EMPTY_NON_RESULT_FILE,,e3b0c44298fc1c149afbf4c8996fb92427ae41e4649b934ca495991b7852b855,previously_recorded_not_rehashed,outputs/benchmark_track_a_v1/phase_i_wave3_timesnet_20260913/workflow_t1200.log,Use repository/source commit; do not duplicate source in dataset package.
/home/shanjinshuo/fno_kerr/kerr_project/src/data_generation/astrophysical_checks.py,src/data_generation/astrophysical_checks.py,source,source_code,INDEX_ONLY,retain_on_server,10189,12288,EXISTS,,bd7457341db96df2171bf05b6f250221f64c3c73f7ed2911bd236d8d98866d8c,current_file_verified_against_record,,Use repository/source commit; do not duplicate source in dataset package.
/home/shanjinshuo/fno_kerr/kerr_project/src/data_generation/dataset_builder.py,src/data_generation/dataset_builder.py,source,source_code,INDEX_ONLY,retain_on_server,18451,20480,EXISTS,,5056dd402ab79005d3d410b7d6a2f58a5bcad159e89811cd219563da3133237e,current_file_verified_against_record,,Use repository/source commit; do not duplicate source in dataset package.
/home/shanjinshuo/fno_kerr/kerr_project/src/data_generation/dataset_saver.py,src/data_generation/dataset_saver.py,source,source_code,INDEX_ONLY,retain_on_server,11312,12288,EXISTS,,6e9a2b8910640ee1d34ce8317dd9bae986e6809095466ed92ebcab9208122f97,current_file_verified_against_record,,Use repository/source commit; do not duplicate source in dataset package.
/home/shanjinshuo/fno_kerr/kerr_project/src/data_generation/orbit_math.py,src/data_generation/orbit_math.py,source,source_code,INDEX_ONLY,retain_on_server,2821,4096,EXISTS,,4383d14260bb618ea00f86546cefcdadc804bfa4808060878f2c70631718d689,current_file_verified_against_record,,Use repository/source commit; do not duplicate source in dataset package.
/home/shanjinshuo/fno_kerr/kerr_project/src/data_generation/orbit_solver_second_order.py,src/data_generation/orbit_solver_second_order.py,source,source_code,INDEX_ONLY,retain_on_server,9520,12288,EXISTS,,f89efd9ce2cd62d3cd377563c550b8dced1203b1becdc5efc67cfe56be01da39,current_file_verified_against_record,,Use repository/source commit; do not duplicate source in dataset package.
/home/shanjinshuo/fno_kerr/kerr_project/src/data_generation/orbit_types.py,src/data_generation/orbit_types.py,source,source_code,INDEX_ONLY,retain_on_server,1170,4096,EXISTS,,13ae4fb0ddd56c4102251648fbea62656e348d9b57455d55fdb8ae0409347fea,current_file_verified_against_record,,Use repository/source commit; do not duplicate source in dataset package.
/home/shanjinshuo/fno_kerr/kerr_project/src/data_generation/parameter_parser.py,src/data_generation/parameter_parser.py,source,source_code,INDEX_ONLY,retain_on_server,14251,16384,EXISTS,,48b471c6a373a0ebaf8ea6870558f5246c2f70299eebd189784437291d89f279,current_file_verified_against_record,,Use repository/source commit; do not duplicate source in dataset package.
/home/shanjinshuo/fno_kerr/kerr_project/src/data_generation/plan_b_matched_training.py,src/data_generation/plan_b_matched_training.py,source,source_code,INDEX_ONLY,retain_on_server,9652,12288,EXISTS,,57b35bb0b3c6c2a404ed6e7d6c0c2e82b4754a5ca1659d21c4540d6fd942a378,current_file_verified_against_record,,Use repository/source commit; do not duplicate source in dataset package.
/home/shanjinshuo/fno_kerr/kerr_project/src/data_generation/plan_b_paired.py,src/data_generation/plan_b_paired.py,source,source_code,INDEX_ONLY,retain_on_server,25910,28672,EXISTS,,ed57e1918919501c97c57ebcf7878d8e49831fa23fe1fe8ddeb6e868f417b951,current_file_verified_against_record,,Use repository/source commit; do not duplicate source in dataset package.
/home/shanjinshuo/fno_kerr/kerr_project/src/data_generation/plan_b_resolution_range.py,src/data_generation/plan_b_resolution_range.py,source,source_code,INDEX_ONLY,retain_on_server,17077,20480,EXISTS,,55853ffbcc95af91b3f498113c7b9f81230f4b1fe74b836c1061cac284ebbb8c,current_file_verified_against_record,,Use repository/source commit; do not duplicate source in dataset package.
/home/shanjinshuo/fno_kerr/kerr_project/src/data_generation/sampler.py,src/data_generation/sampler.py,source,source_code,INDEX_ONLY,retain_on_server,8800,12288,EXISTS,,2eff05dba88ef959bf5baf978ce9070b090b2384388ae8f01573f24ee3dab3e5,current_file_verified_against_record,,Use repository/source commit; do not duplicate source in dataset package.
/home/shanjinshuo/fno_kerr/kerr_project/src/data_generation/validity.py,src/data_generation/validity.py,source,source_code,INDEX_ONLY,retain_on_server,14214,16384,EXISTS,,afd9d827586988d95a04bdbef32f052393c68ad1690ae166a226fc9b55ea2e39,current_file_verified_against_record,,Use repository/source commit; do not duplicate source in dataset package.
/home/shanjinshuo/fno_kerr/kerr_project/src/models/benchmark_track_a.py,src/models/benchmark_track_a.py,source,source_code,INDEX_ONLY,retain_on_server,4674,8192,EXISTS,,f0f5e6f5e2c533b769e64c1efc15864b5870eb4caa7ed2102512c1532f4638e4,current_file_verified_against_record,,Use repository/source commit; do not duplicate source in dataset package.
/home/shanjinshuo/fno_kerr/kerr_project/src/models/fno1d/__init__.py,src/models/fno1d/__init__.py,source,source_code,INDEX_ONLY,retain_on_server,0,0,EMPTY_NON_RESULT_FILE,,e3b0c44298fc1c149afbf4c8996fb92427ae41e4649b934ca495991b7852b855,previously_recorded_not_rehashed,outputs/benchmark_track_a_v1/phase_i_wave3_timesnet_20260913/workflow_t1200.log,Use repository/source commit; do not duplicate source in dataset package.
/home/shanjinshuo/fno_kerr/kerr_project/src/models/fno1d/fno1d.py,src/models/fno1d/fno1d.py,source,source_code,INDEX_ONLY,retain_on_server,6009,8192,EXISTS,,6c3260b44a5366e481513dd1de0bc67b7bca45ea08f9cede7f05878ec0cee8a7,current_file_verified_against_record,,Use repository/source commit; do not duplicate source in dataset package.
/home/shanjinshuo/fno_kerr/kerr_project/src/models/fno1d/layers1d.py,src/models/fno1d/layers1d.py,source,source_code,INDEX_ONLY,retain_on_server,5563,8192,EXISTS,,3a6f8a76488f865864919b4fa3c9b48872f4c3f73900aa1e3c8df69b2d8a0074,current_file_verified_against_record,,Use repository/source commit; do not duplicate source in dataset package.
/home/shanjinshuo/fno_kerr/kerr_project/src/models/resnet1d.py,src/models/resnet1d.py,source,source_code,INDEX_ONLY,retain_on_server,7668,8192,EXISTS,,e4fba09411de69133c1166a013de5d37456a3104b5ed0db2dcb7150644d6f972,current_file_verified_against_record,,Use repository/source commit; do not duplicate source in dataset package.
/home/shanjinshuo/fno_kerr/kerr_project/src/models/timesnet1d.py,src/models/timesnet1d.py,source,source_code,INDEX_ONLY,retain_on_server,11683,12288,EXISTS,,18d5c82dbeacc6c89fa6d8fbbd6b88dee7baa0099f5a4cf084f65ebb8ddce645,current_file_verified_against_record,,Use repository/source commit; do not duplicate source in dataset package.
/home/shanjinshuo/fno_kerr/kerr_project/src/training/benchmark_data.py,src/training/benchmark_data.py,source,source_code,INDEX_ONLY,retain_on_server,8534,12288,EXISTS,,2369feb69d6754e9541a5c64713c3f04c5ed3f05f7130191e1d5497c5f40b87f,current_file_verified_against_record,,Use repository/source commit; do not duplicate source in dataset package.
/home/shanjinshuo/fno_kerr/kerr_project/src/training/benchmark_track_a.py,src/training/benchmark_track_a.py,source,source_code,INDEX_ONLY,retain_on_server,22950,24576,EXISTS,,83a389fda0a7edadf91a9428be974f7438937391e8aa0d096a9670ac475c4213,current_file_verified_against_record,,Use repository/source commit; do not duplicate source in dataset package.
/home/shanjinshuo/fno_kerr/kerr_project/src/training/fno1d/input_builder_1d.py,src/training/fno1d/input_builder_1d.py,source,source_code,INDEX_ONLY,retain_on_server,5726,8192,EXISTS,,9ac766ceac01e2909f7f30360bcb08460c7c64601af6aadc1bdc8d96dd6df305,current_file_verified_against_record,,Use repository/source commit; do not duplicate source in dataset package.
/home/shanjinshuo/fno_kerr/kerr_project/src/training/fno2d/__init__.py,src/training/fno2d/__init__.py,source,source_code,INDEX_ONLY,retain_on_server,0,0,EMPTY_NON_RESULT_FILE,,e3b0c44298fc1c149afbf4c8996fb92427ae41e4649b934ca495991b7852b855,previously_recorded_not_rehashed,outputs/benchmark_track_a_v1/phase_i_wave3_timesnet_20260913/workflow_t1200.log,Use repository/source commit; do not duplicate source in dataset package.
/home/shanjinshuo/fno_kerr/kerr_project/src/training/fno2d/dataset_loader_2d.py,src/training/fno2d/dataset_loader_2d.py,source,source_code,INDEX_ONLY,retain_on_server,24359,24576,EXISTS,,7f00f5019573b4d4327fe20922aa685b50bb335dae06a8276a6abc9d27ce6442,current_file_verified_against_record,,Use repository/source commit; do not duplicate source in dataset package.
/home/shanjinshuo/fno_kerr/kerr_project/src/training/fno2d/input_builder_2d.py,src/training/fno2d/input_builder_2d.py,source,source_code,INDEX_ONLY,retain_on_server,8384,12288,EXISTS,,d3d59f4a3c9fc49f56d49aa952693cb62cd85fbee68fbbf2d11964da8b4a9615,current_file_verified_against_record,,Use repository/source commit; do not duplicate source in dataset package.
/home/shanjinshuo/fno_kerr/kerr_project/src/training/fno2d/normalization_2d.py,src/training/fno2d/normalization_2d.py,source,source_code,INDEX_ONLY,retain_on_server,8262,12288,EXISTS,,22a0eabacc087d48c58410a21f705d6bda6f0d585af35f27aad9a11957217b42,current_file_verified_against_record,,Use repository/source commit; do not duplicate source in dataset package.
/home/shanjinshuo/fno_kerr/kerr_project/src/training/fno2d/target_transform_2d.py,src/training/fno2d/target_transform_2d.py,source,source_code,INDEX_ONLY,retain_on_server,7066,8192,EXISTS,,76a56a0d8a5166a1bf4009ede5a8e382e1e2196d5125b141faea97ec6ce84b79,current_file_verified_against_record,,Use repository/source commit; do not duplicate source in dataset package.
/home/shanjinshuo/fno_kerr/kerr_project/src/training/optimizer_builder.py,src/training/optimizer_builder.py,source,source_code,INDEX_ONLY,retain_on_server,3714,4096,EXISTS,,cad0e606f3e5757ee6c33e17c978f1117eeac615d578cff13f0c4d7502d1e8fc,current_file_verified_against_record,,Use repository/source commit; do not duplicate source in dataset package.
/home/shanjinshuo/fno_kerr/kerr_project/tests/test_benchmark_track_a.py,tests/test_benchmark_track_a.py,source,source_code,INDEX_ONLY,retain_on_server,16390,20480,EXISTS,,ecaf6bbbe885f563dc1e9528d1ba2b09c6c3560ececb4759e5f8dd7186d7c95a,computed_during_inventory,,Use repository/source commit; do not duplicate source in dataset package.
/home/shanjinshuo/fno_kerr/kerr_project/tests/test_deeponet_track_a.py,tests/test_deeponet_track_a.py,source,source_code,INDEX_ONLY,retain_on_server,9712,12288,EXISTS,,9d5325a98e113dffdee0c9d63d45fad6fe316fcb762387e407799573ff126957,computed_during_inventory,,Use repository/source commit; do not duplicate source in dataset package.
/home/shanjinshuo/fno_kerr/kerr_project/FNO_KERR_CURRENT_STATE.md,FNO_KERR_CURRENT_STATE.md,documentation,historical_documentation,INDEX_ONLY,retain_on_server,138412,139264,EXISTS,,de33904f76a3060443913a1b75c857143525a96e007489fc5174ed21c27b0f64,computed_during_inventory,,Plan A text is background only; no Plan A large assets selected.
/home/shanjinshuo/fno_kerr/kerr_project/SERVER_DATA_EXPERIMENT_REGISTRY.md,SERVER_DATA_EXPERIMENT_REGISTRY.md,documentation,historical_documentation,INDEX_ONLY,retain_on_server,62945,65536,EXISTS,,7366056603c4a2a52edb69445f9ff3052c6f91cf99c79529dd7040f77d13703b,computed_during_inventory,,Plan A text is background only; no Plan A large assets selected.
/home/shanjinshuo/fno_kerr/kerr_project/FNO_KERR_REASONING_LOG.md,FNO_KERR_REASONING_LOG.md,documentation,historical_documentation,INDEX_ONLY,retain_on_server,96733,98304,EXISTS,,2077b626d5744b6a08b1ccabe0ea6baf61d826fa3ee9626ef30ce0cea4e84692,computed_during_inventory,,Plan A text is background only; no Plan A large assets selected.
/home/shanjinshuo/fno_kerr/kerr_project/FNO_KERR_EXPERIMENT_PLAN.md,FNO_KERR_EXPERIMENT_PLAN.md,documentation,protocol,MUST_UPLOAD,primary_package,37018,40960,EXISTS,05_docs/FNO_KERR_EXPERIMENT_PLAN.md,a87bb1ce7b3ecd880e50efd7db17d8112a7ef888d145636919b8d1e6ee42577c,computed_during_inventory,,Plan A text is background only; no Plan A large assets selected.
/home/shanjinshuo/fno_kerr/kerr_project/AGENTS.md,AGENTS.md,documentation,historical_documentation,INDEX_ONLY,retain_on_server,38015,40960,EXISTS,,bb3b79da347817b9287f72e95ddc05e07f0100bcac8f991856886ee87502ef6b,computed_during_inventory,,Plan A text is background only; no Plan A large assets selected.
